data/1.txt https://phinau.de/jf-archiv/archiv/14aa2.htm |2018-01-22 21:51:01|
data/2.txt https://phinau.de/jf-archiv/archiv/14aa3.htm |2018-01-22 21:51:01|
data/3.txt https://phinau.de/jf-archiv/archiv/14aa4.htm |2018-01-22 21:51:01|
data/4.txt https://phinau.de/jf-archiv/archiv/14aa5.htm |2018-01-22 21:51:01|
data/5.txt https://phinau.de/jf-archiv/archiv/14aa6.htm |2018-01-22 21:51:02|
data/6.txt https://phinau.de/jf-archiv/archiv/14aa7.htm |2018-01-22 21:51:02|
data/7.txt https://phinau.de/jf-archiv/archiv/14aa8.htm |2018-01-22 21:51:02|
data/8.txt https://phinau.de/jf-archiv/archiv/14aa9.htm |2018-01-22 21:51:02|
data/9.txt https://phinau.de/jf-archiv/archiv/14aa10.htm |2018-01-22 21:51:03|
data/10.txt https://phinau.de/jf-archiv/archiv/14aa11.htm |2018-01-22 21:51:03|
data/11.txt https://phinau.de/jf-archiv/archiv/14aa1.htm |2018-01-22 21:51:03|
data/12.txt https://phinau.de/jf-archiv/archiv/14aa12.htm |2018-01-22 21:51:03|
data/13.txt https://phinau.de/jf-archiv/archiv/14aa14.htm |2018-01-22 21:51:03|
data/14.txt https://phinau.de/jf-archiv/archiv/14aa15.htm |2018-01-22 21:51:04|
data/15.txt https://phinau.de/jf-archiv/archiv/14aa16.htm |2018-01-22 21:51:04|
data/16.txt https://phinau.de/jf-archiv/archiv/14aa8.htm |2018-01-22 21:51:04|
data/17.txt https://phinau.de/jf-archiv/archiv/14aa18.htm |2018-01-22 21:51:04|
data/18.txt https://phinau.de/jf-archiv/archiv/14aa9.htm |2018-01-22 21:51:05|
data/19.txt https://phinau.de/jf-archiv/archiv/14aa17.htm |2018-01-22 21:51:05|
data/20.txt https://phinau.de/jf-archiv/archiv/15aa3.htm |2018-01-22 21:51:05|
data/21.txt https://phinau.de/jf-archiv/archiv/15aa1.htm |2018-01-22 21:51:05|
data/22.txt https://phinau.de/jf-archiv/archiv/15aa4.htm |2018-01-22 21:51:06|
data/23.txt https://phinau.de/jf-archiv/archiv/15aa5.htm |2018-01-22 21:51:06|
data/24.txt https://phinau.de/jf-archiv/archiv/15aa6.htm |2018-01-22 21:51:06|
data/25.txt https://phinau.de/jf-archiv/archiv/15aa7.htm |2018-01-22 21:51:06|
data/26.txt https://phinau.de/jf-archiv/archiv/15aa27.htm |2018-01-22 21:51:07|
data/27.txt https://phinau.de/jf-archiv/archiv/15aa8.htm |2018-01-22 21:51:07|
data/28.txt https://phinau.de/jf-archiv/archiv/15aa9.htm |2018-01-22 21:51:07|
data/29.txt https://phinau.de/jf-archiv/archiv/15aa10.htm |2018-01-22 21:51:07|
data/30.txt https://phinau.de/jf-archiv/archiv/15aa11.htm |2018-01-22 21:51:08|
data/31.txt https://phinau.de/jf-archiv/archiv/15aa12.htm |2018-01-22 21:51:08|
data/32.txt https://phinau.de/jf-archiv/archiv/15aa2.htm |2018-01-22 21:51:08|
data/33.txt https://phinau.de/jf-archiv/archiv/15aa14.htm |2018-01-22 21:51:09|
data/34.txt https://phinau.de/jf-archiv/archiv/15aa15.htm |2018-01-22 21:51:09|
data/35.txt https://phinau.de/jf-archiv/archiv/15aa16.htm |2018-01-22 21:51:09|
data/36.txt https://phinau.de/jf-archiv/archiv/15aa17.htm |2018-01-22 21:51:10|
data/37.txt https://phinau.de/jf-archiv/archiv/15aa18.htm |2018-01-22 21:51:10|
data/38.txt https://phinau.de/jf-archiv/archiv/15aa19.htm |2018-01-22 21:51:10|
data/39.txt https://phinau.de/jf-archiv/archiv/15aa20.htm |2018-01-22 21:51:10|
data/40.txt https://phinau.de/jf-archiv/archiv/15aa21.htm |2018-01-22 21:51:10|
data/41.txt https://phinau.de/jf-archiv/archiv/15aa22.htm |2018-01-22 21:51:11|
data/42.txt https://phinau.de/jf-archiv/archiv/15aa23.htm |2018-01-22 21:51:11|
data/43.txt https://phinau.de/jf-archiv/archiv/15aa28.htm |2018-01-22 21:51:11|
data/44.txt https://phinau.de/jf-archiv/archiv/15aa8.htm |2018-01-22 21:51:11|
data/45.txt https://phinau.de/jf-archiv/archiv/15aa24.htm |2018-01-22 21:51:12|
data/46.txt https://phinau.de/jf-archiv/archiv/15aa9.htm |2018-01-22 21:51:12|
data/47.txt https://phinau.de/jf-archiv/archiv/16aa1.htm |2018-01-22 21:51:12|
data/48.txt https://phinau.de/jf-archiv/archiv/16aa2.htm |2018-01-22 21:51:13|
data/49.txt https://phinau.de/jf-archiv/archiv/16aa3.htm |2018-01-22 21:51:13|
data/50.txt https://phinau.de/jf-archiv/archiv/16aa4.htm |2018-01-22 21:51:13|
data/51.txt https://phinau.de/jf-archiv/archiv/16aa5.htm |2018-01-22 21:51:13|
data/52.txt https://phinau.de/jf-archiv/archiv/16aa6.htm |2018-01-22 21:51:13|
data/53.txt https://phinau.de/jf-archiv/archiv/16aa7.htm |2018-01-22 21:51:14|
data/54.txt https://phinau.de/jf-archiv/archiv/16aa8.htm |2018-01-22 21:51:14|
data/55.txt https://phinau.de/jf-archiv/archiv/16aa9.htm |2018-01-22 21:51:14|
data/56.txt https://phinau.de/jf-archiv/archiv/16aa10.htm |2018-01-22 21:51:14|
data/57.txt https://phinau.de/jf-archiv/archiv/16aa11.htm |2018-01-22 21:51:15|
data/58.txt https://phinau.de/jf-archiv/archiv/16aa12.htm |2018-01-22 21:51:15|
data/59.txt https://phinau.de/jf-archiv/archiv/16aa14.htm |2018-01-22 21:51:15|
data/60.txt https://phinau.de/jf-archiv/archiv/16aa15.htm |2018-01-22 21:51:15|
data/61.txt https://phinau.de/jf-archiv/archiv/16aa16.htm |2018-01-22 21:51:15|
data/62.txt https://phinau.de/jf-archiv/archiv/16aa17.htm |2018-01-22 21:51:16|
data/63.txt https://phinau.de/jf-archiv/archiv/16aa18.htm |2018-01-22 21:51:16|
data/64.txt https://phinau.de/jf-archiv/archiv/16aa19.htm |2018-01-22 21:51:16|
data/65.txt https://phinau.de/jf-archiv/archiv/16aa20.htm |2018-01-22 21:51:16|
data/66.txt https://phinau.de/jf-archiv/archiv/16aa21.htm |2018-01-22 21:51:17|
data/67.txt https://phinau.de/jf-archiv/archiv/16aa22.htm |2018-01-22 21:51:17|
data/68.txt https://phinau.de/jf-archiv/archiv/16aa23.htm |2018-01-22 21:51:17|
data/69.txt https://phinau.de/jf-archiv/archiv/16aa9.htm |2018-01-22 21:51:17|
data/70.txt https://phinau.de/jf-archiv/archiv/16aa24.htm |2018-01-22 21:51:17|
data/71.txt https://phinau.de/jf-archiv/archiv/16aa25.htm |2018-01-22 21:51:18|
data/72.txt https://phinau.de/jf-archiv/archiv/16aa26.htm |2018-01-22 21:51:18|
data/73.txt https://phinau.de/jf-archiv/archiv/16aa27.htm |2018-01-22 21:51:18|
data/74.txt https://phinau.de/jf-archiv/archiv/16aa28.htm |2018-01-22 21:51:18|
data/75.txt https://phinau.de/jf-archiv/archiv/16aa10.htm |2018-01-22 21:51:19|
data/76.txt https://phinau.de/jf-archiv/archiv/17aa1.htm |2018-01-22 21:51:19|
data/77.txt https://phinau.de/jf-archiv/archiv/17aa10.htm |2018-01-22 21:51:19|
data/78.txt https://phinau.de/jf-archiv/archiv/17aa11.htm |2018-01-22 21:51:20|
data/79.txt https://phinau.de/jf-archiv/archiv/17aa12.htm |2018-01-22 21:51:20|
data/80.txt https://phinau.de/jf-archiv/archiv/17aa14.htm |2018-01-22 21:51:21|
data/81.txt https://phinau.de/jf-archiv/archiv/17aa15.htm |2018-01-22 21:51:21|
data/82.txt https://phinau.de/jf-archiv/archiv/17aa16.htm |2018-01-22 21:51:21|
data/83.txt https://phinau.de/jf-archiv/archiv/17aa18.htm |2018-01-22 21:51:21|
data/84.txt https://phinau.de/jf-archiv/archiv/17aa17.htm |2018-01-22 21:51:22|
data/85.txt https://phinau.de/jf-archiv/archiv/17aa19.htm |2018-01-22 21:51:22|
data/86.txt https://phinau.de/jf-archiv/archiv/17aa20.htm |2018-01-22 21:51:22|
data/87.txt https://phinau.de/jf-archiv/archiv/17aa21.htm |2018-01-22 21:51:22|
data/88.txt https://phinau.de/jf-archiv/archiv/17aa22.htm |2018-01-22 21:51:23|
data/89.txt https://phinau.de/jf-archiv/archiv/17aa23.htm |2018-01-22 21:51:23|
data/90.txt https://phinau.de/jf-archiv/archiv/17aa24.htm |2018-01-22 21:51:23|
data/91.txt https://phinau.de/jf-archiv/archiv/17aa3.htm |2018-01-22 21:51:23|
data/92.txt https://phinau.de/jf-archiv/archiv/17aa4.htm |2018-01-22 21:51:23|
data/93.txt https://phinau.de/jf-archiv/archiv/17aa5.htm |2018-01-22 21:51:24|
data/94.txt https://phinau.de/jf-archiv/archiv/17aa6.htm |2018-01-22 21:51:24|
data/95.txt https://phinau.de/jf-archiv/archiv/17aa7.htm |2018-01-22 21:51:24|
data/96.txt https://phinau.de/jf-archiv/archiv/17aa8.htm |2018-01-22 21:51:24|
data/97.txt https://phinau.de/jf-archiv/archiv/17aa9.htm |2018-01-22 21:51:25|
data/98.txt https://phinau.de/jf-archiv/archiv/17aa26.htm |2018-01-22 21:51:25|
data/99.txt https://phinau.de/jf-archiv/archiv/17aa28.htm |2018-01-22 21:51:25|
data/100.txt https://phinau.de/jf-archiv/archiv/17aa29.htm |2018-01-22 21:51:25|
data/101.txt https://phinau.de/jf-archiv/archiv/17aa30.htm |2018-01-22 21:51:25|
data/102.txt https://phinau.de/jf-archiv/archiv/17aa22.htm |2018-01-22 21:51:26|
data/103.txt https://phinau.de/jf-archiv/archiv/17aa31.htm |2018-01-22 21:51:26|
data/104.txt https://phinau.de/jf-archiv/archiv/17aa32.htm |2018-01-22 21:51:26|
data/105.txt https://phinau.de/jf-archiv/archiv/17aa23.htm |2018-01-22 21:51:26|
data/106.txt https://phinau.de/jf-archiv/archiv/17aa33.htm |2018-01-22 21:51:27|
data/107.txt https://phinau.de/jf-archiv/archiv/17aa34.htm |2018-01-22 21:51:27|
data/108.txt https://phinau.de/jf-archiv/archiv/17aa35.htm |2018-01-22 21:51:27|
data/109.txt https://phinau.de/jf-archiv/archiv/17aa36.htm |2018-01-22 21:51:27|
data/110.txt https://phinau.de/jf-archiv/archiv/18aa1.htm |2018-01-22 21:51:28|
data/111.txt https://phinau.de/jf-archiv/archiv/18aa2.htm |2018-01-22 21:51:28|
data/112.txt https://phinau.de/jf-archiv/archiv/18aa3.htm |2018-01-22 21:51:28|
data/113.txt https://phinau.de/jf-archiv/archiv/18aa4.htm |2018-01-22 21:51:28|
data/114.txt https://phinau.de/jf-archiv/archiv/18aa5.htm |2018-01-22 21:51:29|
data/115.txt https://phinau.de/jf-archiv/archiv/18aa6.htm |2018-01-22 21:51:29|
data/116.txt https://phinau.de/jf-archiv/archiv/18aa7.htm |2018-01-22 21:51:29|
data/117.txt https://phinau.de/jf-archiv/archiv/18aa8.htm |2018-01-22 21:51:29|
data/118.txt https://phinau.de/jf-archiv/archiv/18aa9.htm |2018-01-22 21:51:30|
data/119.txt https://phinau.de/jf-archiv/archiv/18aa10.htm |2018-01-22 21:51:30|
data/120.txt https://phinau.de/jf-archiv/archiv/18aa11.htm |2018-01-22 21:51:30|
data/121.txt https://phinau.de/jf-archiv/archiv/18aa12.htm |2018-01-22 21:51:31|
data/122.txt https://phinau.de/jf-archiv/archiv/18aa14.htm |2018-01-22 21:51:31|
data/123.txt https://phinau.de/jf-archiv/archiv/18aa16.htm |2018-01-22 21:51:31|
data/124.txt https://phinau.de/jf-archiv/archiv/18aa17.htm |2018-01-22 21:51:32|
data/125.txt https://phinau.de/jf-archiv/archiv/18aa18.htm |2018-01-22 21:51:32|
data/126.txt https://phinau.de/jf-archiv/archiv/18aa19.htm |2018-01-22 21:51:32|
data/127.txt https://phinau.de/jf-archiv/archiv/18aa20.htm |2018-01-22 21:51:32|
data/128.txt https://phinau.de/jf-archiv/archiv/18aa21.htm |2018-01-22 21:51:33|
data/129.txt https://phinau.de/jf-archiv/archiv/18aa22.htm |2018-01-22 21:51:33|
data/130.txt https://phinau.de/jf-archiv/archiv/18aa23.htm |2018-01-22 21:51:33|
data/131.txt https://phinau.de/jf-archiv/archiv/18aa24.htm |2018-01-22 21:51:33|
data/132.txt https://phinau.de/jf-archiv/archiv/18aa25.htm |2018-01-22 21:51:33|
data/133.txt https://phinau.de/jf-archiv/archiv/18aa26.htm |2018-01-22 21:51:34|
data/134.txt https://phinau.de/jf-archiv/archiv/18aa27.htm |2018-01-22 21:51:34|
data/135.txt https://phinau.de/jf-archiv/archiv/18aa9.htm |2018-01-22 21:51:34|
data/136.txt https://phinau.de/jf-archiv/archiv/18aa10.htm |2018-01-22 21:51:34|
data/137.txt https://phinau.de/jf-archiv/archiv/18aa28.htm |2018-01-22 21:51:34|
data/138.txt https://phinau.de/jf-archiv/archiv/19aa1.htm |2018-01-22 21:51:35|
data/139.txt https://phinau.de/jf-archiv/archiv/19aa2.htm |2018-01-22 21:51:35|
data/140.txt https://phinau.de/jf-archiv/archiv/19aa3.htm |2018-01-22 21:51:35|
data/141.txt https://phinau.de/jf-archiv/archiv/19aa4.htm |2018-01-22 21:51:36|
data/142.txt https://phinau.de/jf-archiv/archiv/19aa5.htm |2018-01-22 21:51:36|
data/143.txt https://phinau.de/jf-archiv/archiv/19aa6.htm |2018-01-22 21:51:36|
data/144.txt https://phinau.de/jf-archiv/archiv/19aa7.htm |2018-01-22 21:51:36|
data/145.txt https://phinau.de/jf-archiv/archiv/19aa8.htm |2018-01-22 21:51:37|
data/146.txt https://phinau.de/jf-archiv/archiv/19aa9.htm |2018-01-22 21:51:37|
data/147.txt https://phinau.de/jf-archiv/archiv/19aa10.htm |2018-01-22 21:51:37|
data/148.txt https://phinau.de/jf-archiv/archiv/19aa11.htm |2018-01-22 21:51:37|
data/149.txt https://phinau.de/jf-archiv/archiv/19aa12.htm |2018-01-22 21:51:37|
data/150.txt https://phinau.de/jf-archiv/archiv/19aa14.htm |2018-01-22 21:51:38|
data/151.txt https://phinau.de/jf-archiv/archiv/19aa15.htm |2018-01-22 21:51:38|
data/152.txt https://phinau.de/jf-archiv/archiv/19aa16.htm |2018-01-22 21:51:38|
data/153.txt https://phinau.de/jf-archiv/archiv/19aa17.htm |2018-01-22 21:51:38|
data/154.txt https://phinau.de/jf-archiv/archiv/19aa18.htm |2018-01-22 21:51:39|
data/155.txt https://phinau.de/jf-archiv/archiv/19aa19.htm |2018-01-22 21:51:39|
data/156.txt https://phinau.de/jf-archiv/archiv/19aa20.htm |2018-01-22 21:51:39|
data/157.txt https://phinau.de/jf-archiv/archiv/19aa21.htm |2018-01-22 21:51:39|
data/158.txt https://phinau.de/jf-archiv/archiv/19aa22.htm |2018-01-22 21:51:39|
data/159.txt https://phinau.de/jf-archiv/archiv/19aa23.htm |2018-01-22 21:51:40|
data/160.txt https://phinau.de/jf-archiv/archiv/19aa24.htm |2018-01-22 21:51:40|
data/161.txt https://phinau.de/jf-archiv/archiv/19aa25.htm |2018-01-22 21:51:40|
data/162.txt https://phinau.de/jf-archiv/archiv/19aa26.htm |2018-01-22 21:51:40|
data/163.txt https://phinau.de/jf-archiv/archiv/19aa27.htm |2018-01-22 21:51:41|
data/164.txt https://phinau.de/jf-archiv/archiv/19aa28.htm |2018-01-22 21:51:41|
data/165.txt https://phinau.de/jf-archiv/archiv/19aa29.htm |2018-01-22 21:51:41|
data/166.txt https://phinau.de/jf-archiv/archiv/19aa30.htm |2018-01-22 21:51:42|
data/167.txt https://phinau.de/jf-archiv/archiv/19aa31.htm |2018-01-22 21:51:42|
data/168.txt https://phinau.de/jf-archiv/archiv/19aa32.htm |2018-01-22 21:51:42|
data/169.txt https://phinau.de/jf-archiv/archiv/19aa14.htm |2018-01-22 21:51:43|
data/170.txt https://phinau.de/jf-archiv/archiv/19aa33.htm |2018-01-22 21:51:43|
data/171.txt https://phinau.de/jf-archiv/archiv/19aa15.htm |2018-01-22 21:51:43|
data/172.txt https://phinau.de/jf-archiv/archiv/20aa1.htm |2018-01-22 21:51:44|
data/173.txt https://phinau.de/jf-archiv/archiv/20aa2.htm |2018-01-22 21:51:44|
data/174.txt https://phinau.de/jf-archiv/archiv/20aa3.htm |2018-01-22 21:51:44|
data/175.txt https://phinau.de/jf-archiv/archiv/20aa4.htm |2018-01-22 21:51:44|
data/176.txt https://phinau.de/jf-archiv/archiv/20aa5.htm |2018-01-22 21:51:44|
data/177.txt https://phinau.de/jf-archiv/archiv/20aa6.htm |2018-01-22 21:51:45|
data/178.txt https://phinau.de/jf-archiv/archiv/20aa7.htm |2018-01-22 21:51:45|
data/179.txt https://phinau.de/jf-archiv/archiv/20aa8.htm |2018-01-22 21:51:45|
data/180.txt https://phinau.de/jf-archiv/archiv/20aa9.htm |2018-01-22 21:51:45|
data/181.txt https://phinau.de/jf-archiv/archiv/20aa10.htm |2018-01-22 21:51:46|
data/182.txt https://phinau.de/jf-archiv/archiv/20aa11.htm |2018-01-22 21:51:46|
data/183.txt https://phinau.de/jf-archiv/archiv/20aa12.htm |2018-01-22 21:51:46|
data/184.txt https://phinau.de/jf-archiv/archiv/20aa14.htm |2018-01-22 21:51:46|
data/185.txt https://phinau.de/jf-archiv/archiv/20aa15.htm |2018-01-22 21:51:46|
data/186.txt https://phinau.de/jf-archiv/archiv/20aa16.htm |2018-01-22 21:51:47|
data/187.txt https://phinau.de/jf-archiv/archiv/20aa17.htm |2018-01-22 21:51:47|
data/188.txt https://phinau.de/jf-archiv/archiv/20aa18.htm |2018-01-22 21:51:47|
data/189.txt https://phinau.de/jf-archiv/archiv/20aa19.htm |2018-01-22 21:51:47|
data/190.txt https://phinau.de/jf-archiv/archiv/20aa20.htm |2018-01-22 21:51:48|
data/191.txt https://phinau.de/jf-archiv/archiv/20aa21.htm |2018-01-22 21:51:48|
data/192.txt https://phinau.de/jf-archiv/archiv/20aa22.htm |2018-01-22 21:51:48|
data/193.txt https://phinau.de/jf-archiv/archiv/20aa23.htm |2018-01-22 21:51:48|
data/194.txt https://phinau.de/jf-archiv/archiv/20aa24.htm |2018-01-22 21:51:48|
data/195.txt https://phinau.de/jf-archiv/archiv/20aa25.htm |2018-01-22 21:51:49|
data/196.txt https://phinau.de/jf-archiv/archiv/20aa26.htm |2018-01-22 21:51:49|
data/197.txt https://phinau.de/jf-archiv/archiv/20aa1.htm |2018-01-22 21:51:49|
data/198.txt https://phinau.de/jf-archiv/archiv/20aa27.htm |2018-01-22 21:51:49|
data/199.txt https://phinau.de/jf-archiv/archiv/20aa28.htm |2018-01-22 21:51:50|
data/200.txt https://phinau.de/jf-archiv/archiv/20aa29.htm |2018-01-22 21:51:50|
data/201.txt https://phinau.de/jf-archiv/archiv/20aa30.htm |2018-01-22 21:51:50|
data/202.txt https://phinau.de/jf-archiv/archiv/20aa31.htm |2018-01-22 21:51:50|
data/203.txt https://phinau.de/jf-archiv/archiv/20aa32.htm |2018-01-22 21:51:50|
data/204.txt https://phinau.de/jf-archiv/archiv/20aa9.htm |2018-01-22 21:51:51|
data/205.txt https://phinau.de/jf-archiv/archiv/20aa10.htm |2018-01-22 21:51:51|
data/206.txt https://phinau.de/jf-archiv/archiv/21aa1.htm |2018-01-22 21:51:52|
data/207.txt https://phinau.de/jf-archiv/archiv/21aa2.htm |2018-01-22 21:51:52|
data/208.txt https://phinau.de/jf-archiv/archiv/21aa3.htm |2018-01-22 21:51:52|
data/209.txt https://phinau.de/jf-archiv/archiv/21aa4.htm |2018-01-22 21:51:53|
data/210.txt https://phinau.de/jf-archiv/archiv/21aa5.htm |2018-01-22 21:51:53|
data/211.txt https://phinau.de/jf-archiv/archiv/21aa6.htm |2018-01-22 21:51:53|
data/212.txt https://phinau.de/jf-archiv/archiv/21aa7.htm |2018-01-22 21:51:53|
data/213.txt https://phinau.de/jf-archiv/archiv/21aa8.htm |2018-01-22 21:51:54|
data/214.txt https://phinau.de/jf-archiv/archiv/21aa9.htm |2018-01-22 21:51:54|
data/215.txt https://phinau.de/jf-archiv/archiv/21aa10.htm |2018-01-22 21:51:54|
data/216.txt https://phinau.de/jf-archiv/archiv/21aa11.htm |2018-01-22 21:51:54|
data/217.txt https://phinau.de/jf-archiv/archiv/21aa12.htm |2018-01-22 21:51:55|
data/218.txt https://phinau.de/jf-archiv/archiv/21aa14.htm |2018-01-22 21:51:55|
data/219.txt https://phinau.de/jf-archiv/archiv/21aa15.htm |2018-01-22 21:51:55|
data/220.txt https://phinau.de/jf-archiv/archiv/21aa16.htm |2018-01-22 21:51:55|
data/221.txt https://phinau.de/jf-archiv/archiv/21aa17.htm |2018-01-22 21:51:55|
data/222.txt https://phinau.de/jf-archiv/archiv/21aa18.htm |2018-01-22 21:51:56|
data/223.txt https://phinau.de/jf-archiv/archiv/21aa19.htm |2018-01-22 21:51:56|
data/224.txt https://phinau.de/jf-archiv/archiv/21aa20.htm |2018-01-22 21:51:56|
data/225.txt https://phinau.de/jf-archiv/archiv/21aa21.htm |2018-01-22 21:51:56|
data/226.txt https://phinau.de/jf-archiv/archiv/21aa22.htm |2018-01-22 21:51:57|
data/227.txt https://phinau.de/jf-archiv/archiv/21aa23.htm |2018-01-22 21:51:57|
data/228.txt https://phinau.de/jf-archiv/archiv/21aa24.htm |2018-01-22 21:51:57|
data/229.txt https://phinau.de/jf-archiv/archiv/21aa25.htm |2018-01-22 21:51:57|
data/230.txt https://phinau.de/jf-archiv/archiv/21aa26.htm |2018-01-22 21:51:57|
data/231.txt https://phinau.de/jf-archiv/archiv/21aa27.htm |2018-01-22 21:51:58|
data/232.txt https://phinau.de/jf-archiv/archiv/21aa28.htm |2018-01-22 21:51:58|
data/233.txt https://phinau.de/jf-archiv/archiv/21aa29.htm |2018-01-22 21:51:58|
data/234.txt https://phinau.de/jf-archiv/archiv/21aa30.htm |2018-01-22 21:51:58|
data/235.txt https://phinau.de/jf-archiv/archiv/21aa31.htm |2018-01-22 21:51:59|
data/236.txt https://phinau.de/jf-archiv/archiv/21aa32.htm |2018-01-22 21:51:59|
data/237.txt https://phinau.de/jf-archiv/archiv/21aa33.htm |2018-01-22 21:51:59|
data/238.txt https://phinau.de/jf-archiv/archiv/21aa34.htm |2018-01-22 21:51:59|
data/239.txt https://phinau.de/jf-archiv/archiv/21aa35.htm |2018-01-22 21:51:59|
data/240.txt https://phinau.de/jf-archiv/archiv/21aa37.htm |2018-01-22 21:52:00|
data/241.txt https://phinau.de/jf-archiv/archiv/21aa36.htm |2018-01-22 21:52:00|
data/242.txt https://phinau.de/jf-archiv/archiv/21aa38.htm |2018-01-22 21:52:00|
data/243.txt https://phinau.de/jf-archiv/archiv/21aa39.htm |2018-01-22 21:52:00|
data/244.txt https://phinau.de/jf-archiv/archiv/21aa40.htm |2018-01-22 21:52:00|
data/245.txt https://phinau.de/jf-archiv/archiv/21aa16.htm |2018-01-22 21:52:01|
data/246.txt https://phinau.de/jf-archiv/archiv/21aa15.htm |2018-01-22 21:52:01|
data/247.txt https://phinau.de/jf-archiv/archiv/21aa41.htm |2018-01-22 21:52:01|
data/248.txt https://phinau.de/jf-archiv/archiv/22aa1.htm |2018-01-22 21:52:02|
data/249.txt https://phinau.de/jf-archiv/archiv/22aa2.htm |2018-01-22 21:52:02|
data/250.txt https://phinau.de/jf-archiv/archiv/22aa3.htm |2018-01-22 21:52:02|
data/251.txt https://phinau.de/jf-archiv/archiv/22aa4.htm |2018-01-22 21:52:02|
data/252.txt https://phinau.de/jf-archiv/archiv/22aa5.htm |2018-01-22 21:52:02|
data/253.txt https://phinau.de/jf-archiv/archiv/22aa6.htm |2018-01-22 21:52:03|
data/254.txt https://phinau.de/jf-archiv/archiv/22aa7.htm |2018-01-22 21:52:03|
data/255.txt https://phinau.de/jf-archiv/archiv/22aa8.htm |2018-01-22 21:52:03|
data/256.txt https://phinau.de/jf-archiv/archiv/22aa9.htm |2018-01-22 21:52:03|
data/257.txt https://phinau.de/jf-archiv/archiv/22aa10.htm |2018-01-22 21:52:04|
data/258.txt https://phinau.de/jf-archiv/archiv/22aa11.htm |2018-01-22 21:52:04|
data/259.txt https://phinau.de/jf-archiv/archiv/22aa12.htm |2018-01-22 21:52:04|
data/260.txt https://phinau.de/jf-archiv/archiv/22aa36.htm |2018-01-22 21:52:04|
data/261.txt https://phinau.de/jf-archiv/archiv/22aa15.htm |2018-01-22 21:52:05|
data/262.txt https://phinau.de/jf-archiv/archiv/22aa16.htm |2018-01-22 21:52:05|
data/263.txt https://phinau.de/jf-archiv/archiv/22aa17.htm |2018-01-22 21:52:05|
data/264.txt https://phinau.de/jf-archiv/archiv/22aa18.htm |2018-01-22 21:52:05|
data/265.txt https://phinau.de/jf-archiv/archiv/22aa19.htm |2018-01-22 21:52:05|
data/266.txt https://phinau.de/jf-archiv/archiv/22aa20.htm |2018-01-22 21:52:06|
data/267.txt https://phinau.de/jf-archiv/archiv/22aa21.htm |2018-01-22 21:52:06|
data/268.txt https://phinau.de/jf-archiv/archiv/22aa22.htm |2018-01-22 21:52:06|
data/269.txt https://phinau.de/jf-archiv/archiv/22aa23.htm |2018-01-22 21:52:06|
data/270.txt https://phinau.de/jf-archiv/archiv/22aa24.htm |2018-01-22 21:52:07|
data/271.txt https://phinau.de/jf-archiv/archiv/22aa25.htm |2018-01-22 21:52:07|
data/272.txt https://phinau.de/jf-archiv/archiv/22aa26.htm |2018-01-22 21:52:07|
data/273.txt https://phinau.de/jf-archiv/archiv/22aa27.htm |2018-01-22 21:52:08|
data/274.txt https://phinau.de/jf-archiv/archiv/22aa28.htm |2018-01-22 21:52:08|
data/275.txt https://phinau.de/jf-archiv/archiv/22aa29.htm |2018-01-22 21:52:08|
data/276.txt https://phinau.de/jf-archiv/archiv/22aa30.htm |2018-01-22 21:52:09|
data/277.txt https://phinau.de/jf-archiv/archiv/22aa31.htm |2018-01-22 21:52:09|
data/278.txt https://phinau.de/jf-archiv/archiv/22aa32.htm |2018-01-22 21:52:09|
data/279.txt https://phinau.de/jf-archiv/archiv/22aa33.htm |2018-01-22 21:52:09|
data/280.txt https://phinau.de/jf-archiv/archiv/23aa1.htm |2018-01-22 21:52:10|
data/281.txt https://phinau.de/jf-archiv/archiv/23aa2.htm |2018-01-22 21:52:10|
data/282.txt https://phinau.de/jf-archiv/archiv/23aa3.htm |2018-01-22 21:52:10|
data/283.txt https://phinau.de/jf-archiv/archiv/23aa4.htm |2018-01-22 21:52:11|
data/284.txt https://phinau.de/jf-archiv/archiv/23aa5.htm |2018-01-22 21:52:11|
data/285.txt https://phinau.de/jf-archiv/archiv/23aa6.htm |2018-01-22 21:52:11|
data/286.txt https://phinau.de/jf-archiv/archiv/23aa7.htm |2018-01-22 21:52:11|
data/287.txt https://phinau.de/jf-archiv/archiv/23aa8.htm |2018-01-22 21:52:12|
data/288.txt https://phinau.de/jf-archiv/archiv/23aa9.htm |2018-01-22 21:52:12|
data/289.txt https://phinau.de/jf-archiv/archiv/23aa10.htm |2018-01-22 21:52:12|
data/290.txt https://phinau.de/jf-archiv/archiv/23aa11.htm |2018-01-22 21:52:12|
data/291.txt https://phinau.de/jf-archiv/archiv/23aa20.htm |2018-01-22 21:52:12|
data/292.txt https://phinau.de/jf-archiv/archiv/23aa12.htm |2018-01-22 21:52:13|
data/293.txt https://phinau.de/jf-archiv/archiv/23aa14.htm |2018-01-22 21:52:13|
data/294.txt https://phinau.de/jf-archiv/archiv/23aa15.htm |2018-01-22 21:52:13|
data/295.txt https://phinau.de/jf-archiv/archiv/23aa16.htm |2018-01-22 21:52:13|
data/296.txt https://phinau.de/jf-archiv/archiv/23aa17.htm |2018-01-22 21:52:14|
data/297.txt https://phinau.de/jf-archiv/archiv/23aa18.htm |2018-01-22 21:52:14|
data/298.txt https://phinau.de/jf-archiv/archiv/23aa19.htm |2018-01-22 21:52:14|
data/299.txt https://phinau.de/jf-archiv/archiv/23aa22.htm |2018-01-22 21:52:14|
data/300.txt https://phinau.de/jf-archiv/archiv/23aa21.htm |2018-01-22 21:52:14|
data/301.txt https://phinau.de/jf-archiv/archiv/23aa23.htm |2018-01-22 21:52:15|
data/302.txt https://phinau.de/jf-archiv/archiv/23aa24.htm |2018-01-22 21:52:15|
data/303.txt https://phinau.de/jf-archiv/archiv/23aa25.htm |2018-01-22 21:52:15|
data/304.txt https://phinau.de/jf-archiv/archiv/23aa26.htm |2018-01-22 21:52:15|
data/305.txt https://phinau.de/jf-archiv/archiv/23aa27.htm |2018-01-22 21:52:16|
data/306.txt https://phinau.de/jf-archiv/archiv/23aa30.htm |2018-01-22 21:52:16|
data/307.txt https://phinau.de/jf-archiv/archiv/23aa31.htm |2018-01-22 21:52:16|
data/308.txt https://phinau.de/jf-archiv/archiv/23aa32.htm |2018-01-22 21:52:16|
data/309.txt https://phinau.de/jf-archiv/archiv/23aa33.htm |2018-01-22 21:52:16|
data/310.txt https://phinau.de/jf-archiv/archiv/23aa34.htm |2018-01-22 21:52:17|
data/311.txt https://phinau.de/jf-archiv/archiv/23aa35.htm |2018-01-22 21:52:17|
data/312.txt https://phinau.de/jf-archiv/archiv/23aa36.htm |2018-01-22 21:52:17|
data/313.txt https://phinau.de/jf-archiv/archiv/23aa37.htm |2018-01-22 21:52:17|
data/314.txt https://phinau.de/jf-archiv/archiv/23aa38.htm |2018-01-22 21:52:17|
data/315.txt https://phinau.de/jf-archiv/archiv/23aa39.htm |2018-01-22 21:52:18|
data/316.txt https://phinau.de/jf-archiv/archiv/23aa40.htm |2018-01-22 21:52:18|
data/317.txt https://phinau.de/jf-archiv/archiv/23aa16.htm |2018-01-22 21:52:18|
data/318.txt https://phinau.de/jf-archiv/archiv/23aa41.htm |2018-01-22 21:52:18|
data/319.txt https://phinau.de/jf-archiv/archiv/23aa42.htm |2018-01-22 21:52:19|
data/320.txt https://phinau.de/jf-archiv/archiv/23aa17.htm |2018-01-22 21:52:19|
data/321.txt https://phinau.de/jf-archiv/archiv/23aa43.htm |2018-01-22 21:52:19|
data/322.txt https://phinau.de/jf-archiv/archiv/23aa44.htm |2018-01-22 21:52:19|
data/323.txt https://phinau.de/jf-archiv/archiv/24aa1.htm |2018-01-22 21:52:20|
data/324.txt https://phinau.de/jf-archiv/archiv/24aa2.htm |2018-01-22 21:52:20|
data/325.txt https://phinau.de/jf-archiv/archiv/24aa3.htm |2018-01-22 21:52:20|
data/326.txt https://phinau.de/jf-archiv/archiv/24aa4.htm |2018-01-22 21:52:20|
data/327.txt https://phinau.de/jf-archiv/archiv/24aa5.htm |2018-01-22 21:52:21|
data/328.txt https://phinau.de/jf-archiv/archiv/24aa6.htm |2018-01-22 21:52:21|
data/329.txt https://phinau.de/jf-archiv/archiv/24aa7.htm |2018-01-22 21:52:21|
data/330.txt https://phinau.de/jf-archiv/archiv/24aa8.htm |2018-01-22 21:52:21|
data/331.txt https://phinau.de/jf-archiv/archiv/25aa1.htm |2018-01-22 21:52:22|
data/332.txt https://phinau.de/jf-archiv/archiv/25aa2.htm |2018-01-22 21:52:22|
data/333.txt https://phinau.de/jf-archiv/archiv/25aa3.htm |2018-01-22 21:52:23|
data/334.txt https://phinau.de/jf-archiv/archiv/25aa4.htm |2018-01-22 21:52:23|
data/335.txt https://phinau.de/jf-archiv/archiv/25aa5.htm |2018-01-22 21:52:23|
data/336.txt https://phinau.de/jf-archiv/archiv/25aa6.htm |2018-01-22 21:52:24|
data/337.txt https://phinau.de/jf-archiv/archiv/25aa7.htm |2018-01-22 21:52:24|
data/338.txt https://phinau.de/jf-archiv/archiv/25aa8.htm |2018-01-22 21:52:24|
data/339.txt https://phinau.de/jf-archiv/archiv/25aa9.htm |2018-01-22 21:52:25|
data/340.txt https://phinau.de/jf-archiv/archiv/25aa10.htm |2018-01-22 21:52:25|
data/341.txt https://phinau.de/jf-archiv/archiv/25aa11.htm |2018-01-22 21:52:25|
data/342.txt https://phinau.de/jf-archiv/archiv/25aa12.htm |2018-01-22 21:52:26|
data/343.txt https://phinau.de/jf-archiv/archiv/25aa14.htm |2018-01-22 21:52:26|
data/344.txt https://phinau.de/jf-archiv/archiv/25aa15.htm |2018-01-22 21:52:26|
data/345.txt https://phinau.de/jf-archiv/archiv/25aa17.htm |2018-01-22 21:52:26|
data/346.txt https://phinau.de/jf-archiv/archiv/25aa16.htm |2018-01-22 21:52:26|
data/347.txt https://phinau.de/jf-archiv/archiv/25aa18.htm |2018-01-22 21:52:27|
data/348.txt https://phinau.de/jf-archiv/archiv/25aa20.htm |2018-01-22 21:52:27|
data/349.txt https://phinau.de/jf-archiv/archiv/25aa21.htm |2018-01-22 21:52:27|
data/350.txt https://phinau.de/jf-archiv/archiv/25aa22.htm |2018-01-22 21:52:27|
data/351.txt https://phinau.de/jf-archiv/archiv/25aa23.htm |2018-01-22 21:52:28|
data/352.txt https://phinau.de/jf-archiv/archiv/25aa24.htm |2018-01-22 21:52:28|
data/353.txt https://phinau.de/jf-archiv/archiv/25aa25.htm |2018-01-22 21:52:28|
data/354.txt https://phinau.de/jf-archiv/archiv/25aa26.htm |2018-01-22 21:52:28|
data/355.txt https://phinau.de/jf-archiv/archiv/25aa27.htm |2018-01-22 21:52:28|
data/356.txt https://phinau.de/jf-archiv/archiv/25aa28.htm |2018-01-22 21:52:29|
data/357.txt https://phinau.de/jf-archiv/archiv/25aa29.htm |2018-01-22 21:52:29|
data/358.txt https://phinau.de/jf-archiv/archiv/25aa30.htm |2018-01-22 21:52:29|
data/359.txt https://phinau.de/jf-archiv/archiv/26aa1.htm |2018-01-22 21:52:30|
data/360.txt https://phinau.de/jf-archiv/archiv/26aa2.htm |2018-01-22 21:52:30|
data/361.txt https://phinau.de/jf-archiv/archiv/26aa3.htm |2018-01-22 21:52:30|
data/362.txt https://phinau.de/jf-archiv/archiv/26aa4.htm |2018-01-22 21:52:30|
data/363.txt https://phinau.de/jf-archiv/archiv/26aa5.htm |2018-01-22 21:52:30|
data/364.txt https://phinau.de/jf-archiv/archiv/26aa6.htm |2018-01-22 21:52:31|
data/365.txt https://phinau.de/jf-archiv/archiv/26aa7.htm |2018-01-22 21:52:31|
data/366.txt https://phinau.de/jf-archiv/archiv/26aa10.htm |2018-01-22 21:52:31|
data/367.txt https://phinau.de/jf-archiv/archiv/26aa11.htm |2018-01-22 21:52:31|
data/368.txt https://phinau.de/jf-archiv/archiv/26aa12.htm |2018-01-22 21:52:32|
data/369.txt https://phinau.de/jf-archiv/archiv/26aa14.htm |2018-01-22 21:52:32|
data/370.txt https://phinau.de/jf-archiv/archiv/26aa16.htm |2018-01-22 21:52:32|
data/371.txt https://phinau.de/jf-archiv/archiv/26aa18.htm |2018-01-22 21:52:32|
data/372.txt https://phinau.de/jf-archiv/archiv/26aa19.htm |2018-01-22 21:52:33|
data/373.txt https://phinau.de/jf-archiv/archiv/26aa20.htm |2018-01-22 21:52:33|
data/374.txt https://phinau.de/jf-archiv/archiv/26aa21.htm |2018-01-22 21:52:33|
data/375.txt https://phinau.de/jf-archiv/archiv/26aa22.htm |2018-01-22 21:52:33|
data/376.txt https://phinau.de/jf-archiv/archiv/27aa1.htm |2018-01-22 21:52:34|
data/377.txt https://phinau.de/jf-archiv/archiv/27aa1.htm |2018-01-22 21:52:34|
data/378.txt https://phinau.de/jf-archiv/archiv/27aa1.htm |2018-01-22 21:52:34|
data/379.txt https://phinau.de/jf-archiv/archiv/27aa2.htm |2018-01-22 21:52:35|
data/380.txt https://phinau.de/jf-archiv/archiv/27aa2.htm |2018-01-22 21:52:35|
data/381.txt https://phinau.de/jf-archiv/archiv/27aa3.htm |2018-01-22 21:52:35|
data/382.txt https://phinau.de/jf-archiv/archiv/27aa3.htm |2018-01-22 21:52:35|
data/383.txt https://phinau.de/jf-archiv/archiv/27aa3.htm |2018-01-22 21:52:36|
data/384.txt https://phinau.de/jf-archiv/archiv/27aa11.htm |2018-01-22 21:52:36|
data/385.txt https://phinau.de/jf-archiv/archiv/27aa11.htm |2018-01-22 21:52:36|
data/386.txt https://phinau.de/jf-archiv/archiv/27aa11.htm |2018-01-22 21:52:36|
data/387.txt https://phinau.de/jf-archiv/archiv/27aa12.htm |2018-01-22 21:52:36|
data/388.txt https://phinau.de/jf-archiv/archiv/27aa12.htm |2018-01-22 21:52:37|
data/389.txt https://phinau.de/jf-archiv/archiv/27aa12.htm |2018-01-22 21:52:37|
data/390.txt https://phinau.de/jf-archiv/archiv/27aa14.htm |2018-01-22 21:52:37|
data/391.txt https://phinau.de/jf-archiv/archiv/27aa14.htm |2018-01-22 21:52:37|
data/392.txt https://phinau.de/jf-archiv/archiv/27aa15.htm |2018-01-22 21:52:38|
data/393.txt https://phinau.de/jf-archiv/archiv/27aa15.htm |2018-01-22 21:52:38|
data/394.txt https://phinau.de/jf-archiv/archiv/27aa16.htm |2018-01-22 21:52:38|
data/395.txt https://phinau.de/jf-archiv/archiv/27aa16.htm |2018-01-22 21:52:38|
data/396.txt https://phinau.de/jf-archiv/archiv/27aa16.htm |2018-01-22 21:52:38|
data/397.txt https://phinau.de/jf-archiv/archiv/27aa17.htm |2018-01-22 21:52:39|
data/398.txt https://phinau.de/jf-archiv/archiv/27aa17.htm |2018-01-22 21:52:39|
data/399.txt https://phinau.de/jf-archiv/archiv/27aa17.htm |2018-01-22 21:52:40|
data/400.txt https://phinau.de/jf-archiv/archiv/27aa18.htm |2018-01-22 21:52:40|
data/401.txt https://phinau.de/jf-archiv/archiv/27aa18.htm |2018-01-22 21:52:40|
data/402.txt https://phinau.de/jf-archiv/archiv/27aa18.htm |2018-01-22 21:52:40|
data/403.txt https://phinau.de/jf-archiv/archiv/27aa19.htm |2018-01-22 21:52:41|
data/404.txt https://phinau.de/jf-archiv/archiv/27aa19.htm |2018-01-22 21:52:41|
data/405.txt https://phinau.de/jf-archiv/archiv/27aa19.htm |2018-01-22 21:52:41|
data/406.txt https://phinau.de/jf-archiv/archiv/27aa20.htm |2018-01-22 21:52:41|
data/407.txt https://phinau.de/jf-archiv/archiv/27aa20.htm |2018-01-22 21:52:41|
data/408.txt https://phinau.de/jf-archiv/archiv/27aa20.htm |2018-01-22 21:52:42|
data/409.txt https://phinau.de/jf-archiv/archiv/27aa21.htm |2018-01-22 21:52:42|
data/410.txt https://phinau.de/jf-archiv/archiv/27aa21.htm |2018-01-22 21:52:42|
data/411.txt https://phinau.de/jf-archiv/archiv/27aa21.htm |2018-01-22 21:52:42|
data/412.txt https://phinau.de/jf-archiv/archiv/27aa22.htm |2018-01-22 21:52:42|
data/413.txt https://phinau.de/jf-archiv/archiv/27aa22.htm |2018-01-22 21:52:43|
data/414.txt https://phinau.de/jf-archiv/archiv/27aa22.htm |2018-01-22 21:52:43|
data/415.txt https://phinau.de/jf-archiv/archiv/27aa23.htm |2018-01-22 21:52:43|
data/416.txt https://phinau.de/jf-archiv/archiv/27aa23.htm |2018-01-22 21:52:43|
data/417.txt https://phinau.de/jf-archiv/archiv/27aa23.htm |2018-01-22 21:52:44|
data/418.txt https://phinau.de/jf-archiv/archiv/27aa24.htm |2018-01-22 21:52:44|
data/419.txt https://phinau.de/jf-archiv/archiv/27aa24.htm |2018-01-22 21:52:44|
data/420.txt https://phinau.de/jf-archiv/archiv/27aa24.htm |2018-01-22 21:52:44|
data/421.txt https://phinau.de/jf-archiv/archiv/27aa25.htm |2018-01-22 21:52:44|
data/422.txt https://phinau.de/jf-archiv/archiv/27aa25.htm |2018-01-22 21:52:45|
data/423.txt https://phinau.de/jf-archiv/archiv/27aa25.htm |2018-01-22 21:52:45|
data/424.txt https://phinau.de/jf-archiv/archiv/27aa26.htm |2018-01-22 21:52:45|
data/425.txt https://phinau.de/jf-archiv/archiv/27aa26.htm |2018-01-22 21:52:45|
data/426.txt https://phinau.de/jf-archiv/archiv/27aa26.htm |2018-01-22 21:52:45|
data/427.txt https://phinau.de/jf-archiv/archiv/27aa27.htm |2018-01-22 21:52:46|
data/428.txt https://phinau.de/jf-archiv/archiv/27aa27.htm |2018-01-22 21:52:46|
data/429.txt https://phinau.de/jf-archiv/archiv/27aa27.htm |2018-01-22 21:52:46|
data/430.txt https://phinau.de/jf-archiv/archiv/27aa28.htm |2018-01-22 21:52:46|
data/431.txt https://phinau.de/jf-archiv/archiv/27aa28.htm |2018-01-22 21:52:46|
data/432.txt https://phinau.de/jf-archiv/archiv/27aa29.htm |2018-01-22 21:52:47|
data/433.txt https://phinau.de/jf-archiv/archiv/27aa29.htm |2018-01-22 21:52:47|
data/434.txt https://phinau.de/jf-archiv/archiv/27aa29.htm |2018-01-22 21:52:47|
data/435.txt https://phinau.de/jf-archiv/archiv/28aa2.htm |2018-01-22 21:52:48|
data/436.txt https://phinau.de/jf-archiv/archiv/28aa1.htm |2018-01-22 21:52:48|
data/437.txt https://phinau.de/jf-archiv/archiv/28aa5.htm |2018-01-22 21:52:48|
data/438.txt https://phinau.de/jf-archiv/archiv/28aa3.htm |2018-01-22 21:52:48|
data/439.txt https://phinau.de/jf-archiv/archiv/28aa4.htm |2018-01-22 21:52:49|
data/440.txt https://phinau.de/jf-archiv/archiv/28aa6.htm |2018-01-22 21:52:49|
data/441.txt https://phinau.de/jf-archiv/archiv/28aa7.htm |2018-01-22 21:52:49|
data/442.txt https://phinau.de/jf-archiv/archiv/28aa8.htm |2018-01-22 21:52:49|
data/443.txt https://phinau.de/jf-archiv/archiv/28aa9.htm |2018-01-22 21:52:49|
data/444.txt https://phinau.de/jf-archiv/archiv/28aa10.htm |2018-01-22 21:52:50|
data/445.txt https://phinau.de/jf-archiv/archiv/28aa11.htm |2018-01-22 21:52:50|
data/446.txt https://phinau.de/jf-archiv/archiv/28aa14.htm |2018-01-22 21:52:50|
data/447.txt https://phinau.de/jf-archiv/archiv/28aa15.htm |2018-01-22 21:52:50|
data/448.txt https://phinau.de/jf-archiv/archiv/28aa16.htm |2018-01-22 21:52:51|
data/449.txt https://phinau.de/jf-archiv/archiv/28aa17.htm |2018-01-22 21:52:51|
data/450.txt https://phinau.de/jf-archiv/archiv/28aa18.htm |2018-01-22 21:52:51|
data/451.txt https://phinau.de/jf-archiv/archiv/28aa19.htm |2018-01-22 21:52:51|
data/452.txt https://phinau.de/jf-archiv/archiv/28aa21.htm |2018-01-22 21:52:51|
data/453.txt https://phinau.de/jf-archiv/archiv/28aa20.htm |2018-01-22 21:52:52|
data/454.txt https://phinau.de/jf-archiv/archiv/28aa23.htm |2018-01-22 21:52:52|
data/455.txt https://phinau.de/jf-archiv/archiv/28aa24.htm |2018-01-22 21:52:52|
data/456.txt https://phinau.de/jf-archiv/archiv/28aa25.htm |2018-01-22 21:52:52|
data/457.txt https://phinau.de/jf-archiv/archiv/28aa26.htm |2018-01-22 21:52:53|
data/458.txt https://phinau.de/jf-archiv/archiv/28aa28.htm |2018-01-22 21:52:53|
data/459.txt https://phinau.de/jf-archiv/archiv/28aa30.htm |2018-01-22 21:52:53|
data/460.txt https://phinau.de/jf-archiv/archiv/28aa29.htm |2018-01-22 21:52:53|
data/461.txt https://phinau.de/jf-archiv/archiv/28aa31.htm |2018-01-22 21:52:53|
data/462.txt https://phinau.de/jf-archiv/archiv/28aa32.htm |2018-01-22 21:52:54|
data/463.txt https://phinau.de/jf-archiv/archiv/29aa1.htm |2018-01-22 21:52:54|
data/464.txt https://phinau.de/jf-archiv/archiv/29aa2.htm |2018-01-22 21:52:54|
data/465.txt https://phinau.de/jf-archiv/archiv/29aa3.htm |2018-01-22 21:52:55|
data/466.txt https://phinau.de/jf-archiv/archiv/29aa4.htm |2018-01-22 21:52:55|
data/467.txt https://phinau.de/jf-archiv/archiv/29aa5.htm |2018-01-22 21:52:55|
data/468.txt https://phinau.de/jf-archiv/archiv/29aa6.htm |2018-01-22 21:52:55|
data/469.txt https://phinau.de/jf-archiv/archiv/29aa7.htm |2018-01-22 21:52:56|
data/470.txt https://phinau.de/jf-archiv/archiv/29aa8.htm |2018-01-22 21:52:56|
data/471.txt https://phinau.de/jf-archiv/archiv/29aa9.htm |2018-01-22 21:52:56|
data/472.txt https://phinau.de/jf-archiv/archiv/29aa10.htm |2018-01-22 21:52:57|
data/473.txt https://phinau.de/jf-archiv/archiv/29aa12.htm |2018-01-22 21:52:57|
data/474.txt https://phinau.de/jf-archiv/archiv/29aa14.htm |2018-01-22 21:52:57|
data/475.txt https://phinau.de/jf-archiv/archiv/29aa15.htm |2018-01-22 21:52:57|
data/476.txt https://phinau.de/jf-archiv/archiv/29aa16.htm |2018-01-22 21:52:58|
data/477.txt https://phinau.de/jf-archiv/archiv/29aa17.htm |2018-01-22 21:52:58|
data/478.txt https://phinau.de/jf-archiv/archiv/29aa18.htm |2018-01-22 21:52:58|
data/479.txt https://phinau.de/jf-archiv/archiv/29aa20.htm |2018-01-22 21:52:58|
data/480.txt https://phinau.de/jf-archiv/archiv/29aa21.htm |2018-01-22 21:52:58|
data/481.txt https://phinau.de/jf-archiv/archiv/29aa22.htm |2018-01-22 21:52:59|
data/482.txt https://phinau.de/jf-archiv/archiv/29aa23.htm |2018-01-22 21:52:59|
data/483.txt https://phinau.de/jf-archiv/archiv/29aa24.htm |2018-01-22 21:52:59|
data/484.txt https://phinau.de/jf-archiv/archiv/29aa25.htm |2018-01-22 21:52:59|
data/485.txt https://phinau.de/jf-archiv/archiv/29aa26.htm |2018-01-22 21:53:00|
data/486.txt https://phinau.de/jf-archiv/archiv/29aa27.htm |2018-01-22 21:53:00|
data/487.txt https://phinau.de/jf-archiv/archiv/29aa28.htm |2018-01-22 21:53:00|
data/488.txt https://phinau.de/jf-archiv/archiv/30aa1.htm |2018-01-22 21:53:01|
data/489.txt https://phinau.de/jf-archiv/archiv/30aa2.htm |2018-01-22 21:53:01|
data/490.txt https://phinau.de/jf-archiv/archiv/30aa3.htm |2018-01-22 21:53:01|
data/491.txt https://phinau.de/jf-archiv/archiv/30aa4.htm |2018-01-22 21:53:01|
data/492.txt https://phinau.de/jf-archiv/archiv/30aa5.htm |2018-01-22 21:53:01|
data/493.txt https://phinau.de/jf-archiv/archiv/30aa6.htm |2018-01-22 21:53:02|
data/494.txt https://phinau.de/jf-archiv/archiv/30aa7.htm |2018-01-22 21:53:02|
data/495.txt https://phinau.de/jf-archiv/archiv/30aa8.htm |2018-01-22 21:53:02|
data/496.txt https://phinau.de/jf-archiv/archiv/30aa9.htm |2018-01-22 21:53:02|
data/497.txt https://phinau.de/jf-archiv/archiv/30aa10.htm |2018-01-22 21:53:03|
data/498.txt https://phinau.de/jf-archiv/archiv/30aa11.htm |2018-01-22 21:53:03|
data/499.txt https://phinau.de/jf-archiv/archiv/30aa12.htm |2018-01-22 21:53:03|
data/500.txt https://phinau.de/jf-archiv/archiv/30aa16.htm |2018-01-22 21:53:03|
data/501.txt https://phinau.de/jf-archiv/archiv/30aa17.htm |2018-01-22 21:53:03|
data/502.txt https://phinau.de/jf-archiv/archiv/30aa20.htm |2018-01-22 21:53:04|
data/503.txt https://phinau.de/jf-archiv/archiv/30aa28.htm |2018-01-22 21:53:04|
data/504.txt https://phinau.de/jf-archiv/archiv/30aa29.htm |2018-01-22 21:53:04|
data/505.txt https://phinau.de/jf-archiv/archiv/31aa1.htm |2018-01-22 21:53:05|
data/506.txt https://phinau.de/jf-archiv/archiv/31aa2.htm |2018-01-22 21:53:05|
data/507.txt https://phinau.de/jf-archiv/archiv/31aa3.htm |2018-01-22 21:53:05|
data/508.txt https://phinau.de/jf-archiv/archiv/31aa4.htm |2018-01-22 21:53:05|
data/509.txt https://phinau.de/jf-archiv/archiv/31aa7.htm |2018-01-22 21:53:06|
data/510.txt https://phinau.de/jf-archiv/archiv/31aa8.htm |2018-01-22 21:53:06|
data/511.txt https://phinau.de/jf-archiv/archiv/31aa9.htm |2018-01-22 21:53:06|
data/512.txt https://phinau.de/jf-archiv/archiv/31aa10.htm |2018-01-22 21:53:07|
data/513.txt https://phinau.de/jf-archiv/archiv/31aa11.htm |2018-01-22 21:53:07|
data/514.txt https://phinau.de/jf-archiv/archiv/31aa14.htm |2018-01-22 21:53:08|
data/515.txt https://phinau.de/jf-archiv/archiv/31aa16.htm |2018-01-22 21:53:08|
data/516.txt https://phinau.de/jf-archiv/archiv/31aa25.htm |2018-01-22 21:53:08|
data/517.txt https://phinau.de/jf-archiv/archiv/31aa26.htm |2018-01-22 21:53:08|
data/518.txt https://phinau.de/jf-archiv/archiv/31aa29.htm |2018-01-22 21:53:09|
data/519.txt https://phinau.de/jf-archiv/archiv/31aa32.htm |2018-01-22 21:53:09|
data/520.txt https://phinau.de/jf-archiv/archiv/33aa1.htm |2018-01-22 21:53:09|
data/521.txt https://phinau.de/jf-archiv/archiv/33aa2.htm |2018-01-22 21:53:10|
data/522.txt https://phinau.de/jf-archiv/archiv/33aa3.htm |2018-01-22 21:53:10|
data/523.txt https://phinau.de/jf-archiv/archiv/33aa4.htm |2018-01-22 21:53:10|
data/524.txt https://phinau.de/jf-archiv/archiv/33aa5.htm |2018-01-22 21:53:10|
data/525.txt https://phinau.de/jf-archiv/archiv/33aa6.htm |2018-01-22 21:53:10|
data/526.txt https://phinau.de/jf-archiv/archiv/33aa7.htm |2018-01-22 21:53:11|
data/527.txt https://phinau.de/jf-archiv/archiv/33aa8.htm |2018-01-22 21:53:11|
data/528.txt https://phinau.de/jf-archiv/archiv/33aa9.htm |2018-01-22 21:53:11|
data/529.txt https://phinau.de/jf-archiv/archiv/33aa10.htm |2018-01-22 21:53:11|
data/530.txt https://phinau.de/jf-archiv/archiv/33aa19.htm |2018-01-22 21:53:12|
data/531.txt https://phinau.de/jf-archiv/archiv/33aa12.htm |2018-01-22 21:53:12|
data/532.txt https://phinau.de/jf-archiv/archiv/33aa14.htm |2018-01-22 21:53:12|
data/533.txt https://phinau.de/jf-archiv/archiv/33aa15.htm |2018-01-22 21:53:12|
data/534.txt https://phinau.de/jf-archiv/archiv/33aa16.htm |2018-01-22 21:53:13|
data/535.txt https://phinau.de/jf-archiv/archiv/33aa17.htm |2018-01-22 21:53:13|
data/536.txt https://phinau.de/jf-archiv/archiv/33aa18.htm |2018-01-22 21:53:13|
data/537.txt https://phinau.de/jf-archiv/archiv/33aa20.htm |2018-01-22 21:53:13|
data/538.txt https://phinau.de/jf-archiv/archiv/33aa21.htm |2018-01-22 21:53:14|
data/539.txt https://phinau.de/jf-archiv/archiv/33aa22.htm |2018-01-22 21:53:14|
data/540.txt https://phinau.de/jf-archiv/archiv/33aa23.htm |2018-01-22 21:53:14|
data/541.txt https://phinau.de/jf-archiv/archiv/33aa24.htm |2018-01-22 21:53:15|
data/542.txt https://phinau.de/jf-archiv/archiv/33aa25.htm |2018-01-22 21:53:15|
data/543.txt https://phinau.de/jf-archiv/archiv/33aa26.htm |2018-01-22 21:53:15|
data/544.txt https://phinau.de/jf-archiv/archiv/33aa27.htm |2018-01-22 21:53:15|
data/545.txt https://phinau.de/jf-archiv/archiv/33aa28.htm |2018-01-22 21:53:16|
data/546.txt https://phinau.de/jf-archiv/archiv/33aa29.htm |2018-01-22 21:53:16|
data/547.txt https://phinau.de/jf-archiv/archiv/33aa30.htm |2018-01-22 21:53:16|
data/548.txt https://phinau.de/jf-archiv/archiv/34aa1.htm |2018-01-22 21:53:17|
data/549.txt https://phinau.de/jf-archiv/archiv/34aa2.htm |2018-01-22 21:53:17|
data/550.txt https://phinau.de/jf-archiv/archiv/34aa3.htm |2018-01-22 21:53:18|
data/551.txt https://phinau.de/jf-archiv/archiv/34aa4.htm |2018-01-22 21:53:18|
data/552.txt https://phinau.de/jf-archiv/archiv/34aa5.htm |2018-01-22 21:53:18|
data/553.txt https://phinau.de/jf-archiv/archiv/34aa6.htm |2018-01-22 21:53:18|
data/554.txt https://phinau.de/jf-archiv/archiv/34aa7.htm |2018-01-22 21:53:19|
data/555.txt https://phinau.de/jf-archiv/archiv/34aa8.htm |2018-01-22 21:53:19|
data/556.txt https://phinau.de/jf-archiv/archiv/34aa9.htm |2018-01-22 21:53:19|
data/557.txt https://phinau.de/jf-archiv/archiv/34aa10.htm |2018-01-22 21:53:19|
data/558.txt https://phinau.de/jf-archiv/archiv/34aa12.htm |2018-01-22 21:53:19|
data/559.txt https://phinau.de/jf-archiv/archiv/34aa14.htm |2018-01-22 21:53:20|
data/560.txt https://phinau.de/jf-archiv/archiv/34aa15.htm |2018-01-22 21:53:20|
data/561.txt https://phinau.de/jf-archiv/archiv/34aa16.htm |2018-01-22 21:53:20|
data/562.txt https://phinau.de/jf-archiv/archiv/34aa17.htm |2018-01-22 21:53:20|
data/563.txt https://phinau.de/jf-archiv/archiv/34aa18.htm |2018-01-22 21:53:20|
data/564.txt https://phinau.de/jf-archiv/archiv/34aa19.htm |2018-01-22 21:53:21|
data/565.txt https://phinau.de/jf-archiv/archiv/34aa20.htm |2018-01-22 21:53:21|
data/566.txt https://phinau.de/jf-archiv/archiv/34aa21.htm |2018-01-22 21:53:21|
data/567.txt https://phinau.de/jf-archiv/archiv/34aa22.htm |2018-01-22 21:53:21|
data/568.txt https://phinau.de/jf-archiv/archiv/34aa23.htm |2018-01-22 21:53:22|
data/569.txt https://phinau.de/jf-archiv/archiv/34aa24.htm |2018-01-22 21:53:22|
data/570.txt https://phinau.de/jf-archiv/archiv/34aa25.htm |2018-01-22 21:53:22|
data/571.txt https://phinau.de/jf-archiv/archiv/34aa26.htm |2018-01-22 21:53:22|
data/572.txt https://phinau.de/jf-archiv/archiv/34aa27.htm |2018-01-22 21:53:22|
data/573.txt https://phinau.de/jf-archiv/archiv/34aa28.htm |2018-01-22 21:53:23|
data/574.txt https://phinau.de/jf-archiv/archiv/35aa1.htm |2018-01-22 21:53:23|
data/575.txt https://phinau.de/jf-archiv/archiv/35aa2.htm |2018-01-22 21:53:23|
data/576.txt https://phinau.de/jf-archiv/archiv/35aa3.htm |2018-01-22 21:53:24|
data/577.txt https://phinau.de/jf-archiv/archiv/35aa4.htm |2018-01-22 21:53:24|
data/578.txt https://phinau.de/jf-archiv/archiv/35aa5.htm |2018-01-22 21:53:24|
data/579.txt https://phinau.de/jf-archiv/archiv/35aa6.htm |2018-01-22 21:53:24|
data/580.txt https://phinau.de/jf-archiv/archiv/35aa7.htm |2018-01-22 21:53:25|
data/581.txt https://phinau.de/jf-archiv/archiv/35aa8.htm |2018-01-22 21:53:25|
data/582.txt https://phinau.de/jf-archiv/archiv/35aa9.htm |2018-01-22 21:53:25|
data/583.txt https://phinau.de/jf-archiv/archiv/35aa10.htm |2018-01-22 21:53:25|
data/584.txt https://phinau.de/jf-archiv/archiv/35aa11.htm |2018-01-22 21:53:25|
data/585.txt https://phinau.de/jf-archiv/archiv/35aa12.htm |2018-01-22 21:53:26|
data/586.txt https://phinau.de/jf-archiv/archiv/35aa14.htm |2018-01-22 21:53:26|
data/587.txt https://phinau.de/jf-archiv/archiv/35aa15.htm |2018-01-22 21:53:26|
data/588.txt https://phinau.de/jf-archiv/archiv/35aa16.htm |2018-01-22 21:53:26|
data/589.txt https://phinau.de/jf-archiv/archiv/35aa17.htm |2018-01-22 21:53:27|
data/590.txt https://phinau.de/jf-archiv/archiv/35aa18.htm |2018-01-22 21:53:27|
data/591.txt https://phinau.de/jf-archiv/archiv/35aa19.htm |2018-01-22 21:53:27|
data/592.txt https://phinau.de/jf-archiv/archiv/35aa20.htm |2018-01-22 21:53:27|
data/593.txt https://phinau.de/jf-archiv/archiv/35aa21.htm |2018-01-22 21:53:28|
data/594.txt https://phinau.de/jf-archiv/archiv/35aa22.htm |2018-01-22 21:53:28|
data/595.txt https://phinau.de/jf-archiv/archiv/35aa23.htm |2018-01-22 21:53:29|
data/596.txt https://phinau.de/jf-archiv/archiv/35aa24.htm |2018-01-22 21:53:29|
data/597.txt https://phinau.de/jf-archiv/archiv/35aa25.htm |2018-01-22 21:53:29|
data/598.txt https://phinau.de/jf-archiv/archiv/35aa26.htm |2018-01-22 21:53:29|
data/599.txt https://phinau.de/jf-archiv/archiv/35aa27.htm |2018-01-22 21:53:30|
data/600.txt https://phinau.de/jf-archiv/archiv/35aa28.htm |2018-01-22 21:53:30|
data/601.txt https://phinau.de/jf-archiv/archiv/35aa29.htm |2018-01-22 21:53:30|
data/602.txt https://phinau.de/jf-archiv/archiv/35aa30.htm |2018-01-22 21:53:30|
data/603.txt https://phinau.de/jf-archiv/archiv/35aa31.htm |2018-01-22 21:53:30|
data/604.txt https://phinau.de/jf-archiv/archiv/36aa1.htm |2018-01-22 21:53:31|
data/605.txt https://phinau.de/jf-archiv/archiv/36aa2.htm |2018-01-22 21:53:31|
data/606.txt https://phinau.de/jf-archiv/archiv/36aa3.htm |2018-01-22 21:53:31|
data/607.txt https://phinau.de/jf-archiv/archiv/36aa4.htm |2018-01-22 21:53:32|
data/608.txt https://phinau.de/jf-archiv/archiv/36aa5.htm |2018-01-22 21:53:32|
data/609.txt https://phinau.de/jf-archiv/archiv/36aa6.htm |2018-01-22 21:53:32|
data/610.txt https://phinau.de/jf-archiv/archiv/36aa7.htm |2018-01-22 21:53:32|
data/611.txt https://phinau.de/jf-archiv/archiv/36aa8.htm |2018-01-22 21:53:33|
data/612.txt https://phinau.de/jf-archiv/archiv/36aa9.htm |2018-01-22 21:53:33|
data/613.txt https://phinau.de/jf-archiv/archiv/36aa10.htm |2018-01-22 21:53:33|
data/614.txt https://phinau.de/jf-archiv/archiv/36aa11.htm |2018-01-22 21:53:33|
data/615.txt https://phinau.de/jf-archiv/archiv/36aa12.htm |2018-01-22 21:53:33|
data/616.txt https://phinau.de/jf-archiv/archiv/36aa14.htm |2018-01-22 21:53:34|
data/617.txt https://phinau.de/jf-archiv/archiv/36aa15.htm |2018-01-22 21:53:34|
data/618.txt https://phinau.de/jf-archiv/archiv/36aa16.htm |2018-01-22 21:53:34|
data/619.txt https://phinau.de/jf-archiv/archiv/36aa17.htm |2018-01-22 21:53:34|
data/620.txt https://phinau.de/jf-archiv/archiv/36aa18.htm |2018-01-22 21:53:35|
data/621.txt https://phinau.de/jf-archiv/archiv/36aa19.htm |2018-01-22 21:53:35|
data/622.txt https://phinau.de/jf-archiv/archiv/36aa20.htm |2018-01-22 21:53:35|
data/623.txt https://phinau.de/jf-archiv/archiv/36aa21.htm |2018-01-22 21:53:35|
data/624.txt https://phinau.de/jf-archiv/archiv/36aa22.htm |2018-01-22 21:53:35|
data/625.txt https://phinau.de/jf-archiv/archiv/36aa23.htm |2018-01-22 21:53:36|
data/626.txt https://phinau.de/jf-archiv/archiv/36aa24.htm |2018-01-22 21:53:36|
data/627.txt https://phinau.de/jf-archiv/archiv/36aa25.htm |2018-01-22 21:53:36|
data/628.txt https://phinau.de/jf-archiv/archiv/36aa26.htm |2018-01-22 21:53:36|
data/629.txt https://phinau.de/jf-archiv/archiv/36aa27.htm |2018-01-22 21:53:37|
data/630.txt https://phinau.de/jf-archiv/archiv/36aa28.htm |2018-01-22 21:53:37|
data/631.txt https://phinau.de/jf-archiv/archiv/37aa1.htm |2018-01-22 21:53:37|
data/632.txt https://phinau.de/jf-archiv/archiv/37aa2.htm |2018-01-22 21:53:38|
data/633.txt https://phinau.de/jf-archiv/archiv/37aa3.htm |2018-01-22 21:53:38|
data/634.txt https://phinau.de/jf-archiv/archiv/37aa4.htm |2018-01-22 21:53:38|
data/635.txt https://phinau.de/jf-archiv/archiv/37aa5.htm |2018-01-22 21:53:39|
data/636.txt https://phinau.de/jf-archiv/archiv/37aa6.htm |2018-01-22 21:53:39|
data/637.txt https://phinau.de/jf-archiv/archiv/37aa7.htm |2018-01-22 21:53:39|
data/638.txt https://phinau.de/jf-archiv/archiv/37aa8.htm |2018-01-22 21:53:40|
data/639.txt https://phinau.de/jf-archiv/archiv/37aa9.htm |2018-01-22 21:53:40|
data/640.txt https://phinau.de/jf-archiv/archiv/37aa10.htm |2018-01-22 21:53:40|
data/641.txt https://phinau.de/jf-archiv/archiv/37aa11.htm |2018-01-22 21:53:40|
data/642.txt https://phinau.de/jf-archiv/archiv/37aa12.htm |2018-01-22 21:53:40|
data/643.txt https://phinau.de/jf-archiv/archiv/37aa14.htm |2018-01-22 21:53:41|
data/644.txt https://phinau.de/jf-archiv/archiv/37aa15.htm |2018-01-22 21:53:41|
data/645.txt https://phinau.de/jf-archiv/archiv/37aa16.htm |2018-01-22 21:53:41|
data/646.txt https://phinau.de/jf-archiv/archiv/37aa17.htm |2018-01-22 21:53:41|
data/647.txt https://phinau.de/jf-archiv/archiv/37aa18.htm |2018-01-22 21:53:42|
data/648.txt https://phinau.de/jf-archiv/archiv/37aa19.htm |2018-01-22 21:53:42|
data/649.txt https://phinau.de/jf-archiv/archiv/37aa20.htm |2018-01-22 21:53:42|
data/650.txt https://phinau.de/jf-archiv/archiv/37aa22.htm |2018-01-22 21:53:42|
data/651.txt https://phinau.de/jf-archiv/archiv/37aa23.htm |2018-01-22 21:53:42|
data/652.txt https://phinau.de/jf-archiv/archiv/37aa24.htm |2018-01-22 21:53:43|
data/653.txt https://phinau.de/jf-archiv/archiv/37aa25.htm |2018-01-22 21:53:43|
data/654.txt https://phinau.de/jf-archiv/archiv/37aa28.htm |2018-01-22 21:53:43|
data/655.txt https://phinau.de/jf-archiv/archiv/38aa1.htm |2018-01-22 21:53:44|
data/656.txt https://phinau.de/jf-archiv/archiv/38aa2.htm |2018-01-22 21:53:44|
data/657.txt https://phinau.de/jf-archiv/archiv/38aa3.htm |2018-01-22 21:53:44|
data/658.txt https://phinau.de/jf-archiv/archiv/38aa4.htm |2018-01-22 21:53:44|
data/659.txt https://phinau.de/jf-archiv/archiv/38aa5.htm |2018-01-22 21:53:45|
data/660.txt https://phinau.de/jf-archiv/archiv/38aa6.htm |2018-01-22 21:53:45|
data/661.txt https://phinau.de/jf-archiv/archiv/38aa7.htm |2018-01-22 21:53:45|
data/662.txt https://phinau.de/jf-archiv/archiv/38aa8.htm |2018-01-22 21:53:45|
data/663.txt https://phinau.de/jf-archiv/archiv/38aa9.htm |2018-01-22 21:53:46|
data/664.txt https://phinau.de/jf-archiv/archiv/38aa10.htm |2018-01-22 21:53:46|
data/665.txt https://phinau.de/jf-archiv/archiv/38aa11.htm |2018-01-22 21:53:46|
data/666.txt https://phinau.de/jf-archiv/archiv/38aa12.htm |2018-01-22 21:53:46|
data/667.txt https://phinau.de/jf-archiv/archiv/38aa14.htm |2018-01-22 21:53:46|
data/668.txt https://phinau.de/jf-archiv/archiv/38aa15.htm |2018-01-22 21:53:47|
data/669.txt https://phinau.de/jf-archiv/archiv/38aa16.htm |2018-01-22 21:53:47|
data/670.txt https://phinau.de/jf-archiv/archiv/38aa17.htm |2018-01-22 21:53:47|
data/671.txt https://phinau.de/jf-archiv/archiv/38aa18.htm |2018-01-22 21:53:47|
data/672.txt https://phinau.de/jf-archiv/archiv/38aa19.htm |2018-01-22 21:53:48|
data/673.txt https://phinau.de/jf-archiv/archiv/38aa20.htm |2018-01-22 21:53:48|
data/674.txt https://phinau.de/jf-archiv/archiv/38aa21.htm |2018-01-22 21:53:48|
data/675.txt https://phinau.de/jf-archiv/archiv/38aa22.htm |2018-01-22 21:53:48|
data/676.txt https://phinau.de/jf-archiv/archiv/38aa23.htm |2018-01-22 21:53:49|
data/677.txt https://phinau.de/jf-archiv/archiv/38aa24.htm |2018-01-22 21:53:49|
data/678.txt https://phinau.de/jf-archiv/archiv/38aa25.htm |2018-01-22 21:53:49|
data/679.txt https://phinau.de/jf-archiv/archiv/38aa26.htm |2018-01-22 21:53:50|
data/680.txt https://phinau.de/jf-archiv/archiv/38aa27.htm |2018-01-22 21:53:50|
data/681.txt https://phinau.de/jf-archiv/archiv/38aa28.htm |2018-01-22 21:53:50|
data/682.txt https://phinau.de/jf-archiv/archiv/38aa29.htm |2018-01-22 21:53:51|
data/683.txt https://phinau.de/jf-archiv/archiv/39aa1.htm |2018-01-22 21:53:51|
data/684.txt https://phinau.de/jf-archiv/archiv/39aa2.htm |2018-01-22 21:53:51|
data/685.txt https://phinau.de/jf-archiv/archiv/39aa3.htm |2018-01-22 21:53:52|
data/686.txt https://phinau.de/jf-archiv/archiv/39aa4.htm |2018-01-22 21:53:52|
data/687.txt https://phinau.de/jf-archiv/archiv/39aa5.htm |2018-01-22 21:53:52|
data/688.txt https://phinau.de/jf-archiv/archiv/39aa6.htm |2018-01-22 21:53:52|
data/689.txt https://phinau.de/jf-archiv/archiv/39aa7.htm |2018-01-22 21:53:52|
data/690.txt https://phinau.de/jf-archiv/archiv/39aa8.htm |2018-01-22 21:53:53|
data/691.txt https://phinau.de/jf-archiv/archiv/39aa9.htm |2018-01-22 21:53:53|
data/692.txt https://phinau.de/jf-archiv/archiv/39aa10.htm |2018-01-22 21:53:53|
data/693.txt https://phinau.de/jf-archiv/archiv/39aa11.htm |2018-01-22 21:53:53|
data/694.txt https://phinau.de/jf-archiv/archiv/39aa12.htm |2018-01-22 21:53:54|
data/695.txt https://phinau.de/jf-archiv/archiv/39aa14.htm |2018-01-22 21:53:54|
data/696.txt https://phinau.de/jf-archiv/archiv/39aa15.htm |2018-01-22 21:53:54|
data/697.txt https://phinau.de/jf-archiv/archiv/39aa16.htm |2018-01-22 21:53:54|
data/698.txt https://phinau.de/jf-archiv/archiv/39aa17.htm |2018-01-22 21:53:54|
data/699.txt https://phinau.de/jf-archiv/archiv/39aa18.htm |2018-01-22 21:53:55|
data/700.txt https://phinau.de/jf-archiv/archiv/39aa19.htm |2018-01-22 21:53:55|
data/701.txt https://phinau.de/jf-archiv/archiv/39aa20.htm |2018-01-22 21:53:55|
data/702.txt https://phinau.de/jf-archiv/archiv/39aa21.htm |2018-01-22 21:53:55|
data/703.txt https://phinau.de/jf-archiv/archiv/39aa22.htm |2018-01-22 21:53:56|
data/704.txt https://phinau.de/jf-archiv/archiv/39aa23.htm |2018-01-22 21:53:56|
data/705.txt https://phinau.de/jf-archiv/archiv/39aa24.htm |2018-01-22 21:53:56|
data/706.txt https://phinau.de/jf-archiv/archiv/39aa25.htm |2018-01-22 21:53:56|
data/707.txt https://phinau.de/jf-archiv/archiv/39aa26.htm |2018-01-22 21:53:56|
data/708.txt https://phinau.de/jf-archiv/archiv/39aa27.htm |2018-01-22 21:53:57|
data/709.txt https://phinau.de/jf-archiv/archiv/40aa1.htm |2018-01-22 21:53:57|
data/710.txt https://phinau.de/jf-archiv/archiv/40aa2.htm |2018-01-22 21:53:57|
data/711.txt https://phinau.de/jf-archiv/archiv/40aa2.htm |2018-01-22 21:53:58|
data/712.txt https://phinau.de/jf-archiv/archiv/40aa3.htm |2018-01-22 21:53:58|
data/713.txt https://phinau.de/jf-archiv/archiv/40aa4.htm |2018-01-22 21:53:58|
data/714.txt https://phinau.de/jf-archiv/archiv/40aa5.htm |2018-01-22 21:53:58|
data/715.txt https://phinau.de/jf-archiv/archiv/40aa6.htm |2018-01-22 21:53:58|
data/716.txt https://phinau.de/jf-archiv/archiv/40aa7.htm |2018-01-22 21:53:59|
data/717.txt https://phinau.de/jf-archiv/archiv/40aa8.htm |2018-01-22 21:53:59|
data/718.txt https://phinau.de/jf-archiv/archiv/40aa31.htm |2018-01-22 21:54:00|
data/719.txt https://phinau.de/jf-archiv/archiv/40aa32.htm |2018-01-22 21:54:00|
data/720.txt https://phinau.de/jf-archiv/archiv/40aa33.htm |2018-01-22 21:54:00|
data/721.txt https://phinau.de/jf-archiv/archiv/40aa38.htm |2018-01-22 21:54:01|
data/722.txt https://phinau.de/jf-archiv/archiv/40aa9.htm |2018-01-22 21:54:01|
data/723.txt https://phinau.de/jf-archiv/archiv/40aa10.htm |2018-01-22 21:54:01|
data/724.txt https://phinau.de/jf-archiv/archiv/40aa11.htm |2018-01-22 21:54:01|
data/725.txt https://phinau.de/jf-archiv/archiv/40aa12.htm |2018-01-22 21:54:01|
data/726.txt https://phinau.de/jf-archiv/archiv/40aa14.htm |2018-01-22 21:54:02|
data/727.txt https://phinau.de/jf-archiv/archiv/40aa15.htm |2018-01-22 21:54:02|
data/728.txt https://phinau.de/jf-archiv/archiv/40aa16.htm |2018-01-22 21:54:02|
data/729.txt https://phinau.de/jf-archiv/archiv/40aa17.htm |2018-01-22 21:54:02|
data/730.txt https://phinau.de/jf-archiv/archiv/40aa18.htm |2018-01-22 21:54:03|
data/731.txt https://phinau.de/jf-archiv/archiv/40aa19.htm |2018-01-22 21:54:03|
data/732.txt https://phinau.de/jf-archiv/archiv/40aa20.htm |2018-01-22 21:54:03|
data/733.txt https://phinau.de/jf-archiv/archiv/41aa1.htm |2018-01-22 21:54:04|
data/734.txt https://phinau.de/jf-archiv/archiv/41aa2.htm |2018-01-22 21:54:04|
data/735.txt https://phinau.de/jf-archiv/archiv/41aa3.htm |2018-01-22 21:54:04|
data/736.txt https://phinau.de/jf-archiv/archiv/41aa4.htm |2018-01-22 21:54:04|
data/737.txt https://phinau.de/jf-archiv/archiv/41aa5.htm |2018-01-22 21:54:05|
data/738.txt https://phinau.de/jf-archiv/archiv/41aa6.htm |2018-01-22 21:54:05|
data/739.txt https://phinau.de/jf-archiv/archiv/41aa7.htm |2018-01-22 21:54:05|
data/740.txt https://phinau.de/jf-archiv/archiv/41aa8.htm |2018-01-22 21:54:05|
data/741.txt https://phinau.de/jf-archiv/archiv/41aa9.htm |2018-01-22 21:54:06|
data/742.txt https://phinau.de/jf-archiv/archiv/41aa10.htm |2018-01-22 21:54:06|
data/743.txt https://phinau.de/jf-archiv/archiv/41aa11.htm |2018-01-22 21:54:06|
data/744.txt https://phinau.de/jf-archiv/archiv/41aa12.htm |2018-01-22 21:54:06|
data/745.txt https://phinau.de/jf-archiv/archiv/41aa14.htm |2018-01-22 21:54:07|
data/746.txt https://phinau.de/jf-archiv/archiv/41aa15.htm |2018-01-22 21:54:07|
data/747.txt https://phinau.de/jf-archiv/archiv/41aa16.htm |2018-01-22 21:54:07|
data/748.txt https://phinau.de/jf-archiv/archiv/41aa18.htm |2018-01-22 21:54:08|
data/749.txt https://phinau.de/jf-archiv/archiv/41aa19.htm |2018-01-22 21:54:08|
data/750.txt https://phinau.de/jf-archiv/archiv/41aa20.htm |2018-01-22 21:54:08|
data/751.txt https://phinau.de/jf-archiv/archiv/41aa21.htm |2018-01-22 21:54:08|
data/752.txt https://phinau.de/jf-archiv/archiv/41aa22.htm |2018-01-22 21:54:08|
data/753.txt https://phinau.de/jf-archiv/archiv/41aa23.htm |2018-01-22 21:54:09|
data/754.txt https://phinau.de/jf-archiv/archiv/41aa24.htm |2018-01-22 21:54:09|
data/755.txt https://phinau.de/jf-archiv/archiv/41aa25.htm |2018-01-22 21:54:09|
data/756.txt https://phinau.de/jf-archiv/archiv/41aa26.htm |2018-01-22 21:54:09|
data/757.txt https://phinau.de/jf-archiv/archiv/41aa27.htm |2018-01-22 21:54:10|
data/758.txt https://phinau.de/jf-archiv/archiv/42aa1.htm |2018-01-22 21:54:10|
data/759.txt https://phinau.de/jf-archiv/archiv/42aa2.htm |2018-01-22 21:54:11|
data/760.txt https://phinau.de/jf-archiv/archiv/42aa3.htm |2018-01-22 21:54:11|
data/761.txt https://phinau.de/jf-archiv/archiv/42aa4.htm |2018-01-22 21:54:11|
data/762.txt https://phinau.de/jf-archiv/archiv/42aa5.htm |2018-01-22 21:54:12|
data/763.txt https://phinau.de/jf-archiv/archiv/42aa6.htm |2018-01-22 21:54:12|
data/764.txt https://phinau.de/jf-archiv/archiv/42aa7.htm |2018-01-22 21:54:12|
data/765.txt https://phinau.de/jf-archiv/archiv/42aa8.htm |2018-01-22 21:54:12|
data/766.txt https://phinau.de/jf-archiv/archiv/42aa9.htm |2018-01-22 21:54:13|
data/767.txt https://phinau.de/jf-archiv/archiv/42aa10.htm |2018-01-22 21:54:13|
data/768.txt https://phinau.de/jf-archiv/archiv/42aa11.htm |2018-01-22 21:54:13|
data/769.txt https://phinau.de/jf-archiv/archiv/42aa12.htm |2018-01-22 21:54:13|
data/770.txt https://phinau.de/jf-archiv/archiv/42aa14.htm |2018-01-22 21:54:14|
data/771.txt https://phinau.de/jf-archiv/archiv/42aa16.htm |2018-01-22 21:54:14|
data/772.txt https://phinau.de/jf-archiv/archiv/42aa17.htm |2018-01-22 21:54:14|
data/773.txt https://phinau.de/jf-archiv/archiv/42aa18.htm |2018-01-22 21:54:14|
data/774.txt https://phinau.de/jf-archiv/archiv/42aa19.htm |2018-01-22 21:54:14|
data/775.txt https://phinau.de/jf-archiv/archiv/42aa10.htm |2018-01-22 21:54:15|
data/776.txt https://phinau.de/jf-archiv/archiv/42aa21.htm |2018-01-22 21:54:15|
data/777.txt https://phinau.de/jf-archiv/archiv/42aa20.htm |2018-01-22 21:54:15|
data/778.txt https://phinau.de/jf-archiv/archiv/43aa1.htm |2018-01-22 21:54:16|
data/779.txt https://phinau.de/jf-archiv/archiv/43aa2.htm |2018-01-22 21:54:16|
data/780.txt https://phinau.de/jf-archiv/archiv/43aa3.htm |2018-01-22 21:54:16|
data/781.txt https://phinau.de/jf-archiv/archiv/43aa4.htm |2018-01-22 21:54:16|
data/782.txt https://phinau.de/jf-archiv/archiv/43aa5.htm |2018-01-22 21:54:16|
data/783.txt https://phinau.de/jf-archiv/archiv/43aa6.htm |2018-01-22 21:54:17|
data/784.txt https://phinau.de/jf-archiv/archiv/43aa7.htm |2018-01-22 21:54:17|
data/785.txt https://phinau.de/jf-archiv/archiv/43aa8.htm |2018-01-22 21:54:17|
data/786.txt https://phinau.de/jf-archiv/archiv/43aa9.htm |2018-01-22 21:54:17|
data/787.txt https://phinau.de/jf-archiv/archiv/43aa10.htm |2018-01-22 21:54:18|
data/788.txt https://phinau.de/jf-archiv/archiv/43aa11.htm |2018-01-22 21:54:18|
data/789.txt https://phinau.de/jf-archiv/archiv/43aa12.htm |2018-01-22 21:54:18|
data/790.txt https://phinau.de/jf-archiv/archiv/43aa14.htm |2018-01-22 21:54:18|
data/791.txt https://phinau.de/jf-archiv/archiv/43aa15.htm |2018-01-22 21:54:18|
data/792.txt https://phinau.de/jf-archiv/archiv/43aa16.htm |2018-01-22 21:54:19|
data/793.txt https://phinau.de/jf-archiv/archiv/43aa17.htm |2018-01-22 21:54:19|
data/794.txt https://phinau.de/jf-archiv/archiv/43aa18.htm |2018-01-22 21:54:19|
data/795.txt https://phinau.de/jf-archiv/archiv/43aa19.htm |2018-01-22 21:54:19|
data/796.txt https://phinau.de/jf-archiv/archiv/43aa20.htm |2018-01-22 21:54:20|
data/797.txt https://phinau.de/jf-archiv/archiv/43aa21.htm |2018-01-22 21:54:20|
data/798.txt https://phinau.de/jf-archiv/archiv/43aa22.htm |2018-01-22 21:54:20|
data/799.txt https://phinau.de/jf-archiv/archiv/43aa23.htm |2018-01-22 21:54:20|
data/800.txt https://phinau.de/jf-archiv/archiv/43aa24.htm |2018-01-22 21:54:21|
data/801.txt https://phinau.de/jf-archiv/archiv/43aa25.htm |2018-01-22 21:54:21|
data/802.txt https://phinau.de/jf-archiv/archiv/43aa26.htm |2018-01-22 21:54:22|
data/803.txt https://phinau.de/jf-archiv/archiv/44aa1.htm |2018-01-22 21:54:22|
data/804.txt https://phinau.de/jf-archiv/archiv/44aa2.htm |2018-01-22 21:54:22|
data/805.txt https://phinau.de/jf-archiv/archiv/44aa3.htm |2018-01-22 21:54:23|
data/806.txt https://phinau.de/jf-archiv/archiv/44aa4.htm |2018-01-22 21:54:23|
data/807.txt https://phinau.de/jf-archiv/archiv/44aa5.htm |2018-01-22 21:54:23|
data/808.txt https://phinau.de/jf-archiv/archiv/44aa6.htm |2018-01-22 21:54:23|
data/809.txt https://phinau.de/jf-archiv/archiv/44aa7.htm |2018-01-22 21:54:24|
data/810.txt https://phinau.de/jf-archiv/archiv/44aa8.htm |2018-01-22 21:54:24|
data/811.txt https://phinau.de/jf-archiv/archiv/44aa8.htm |2018-01-22 21:54:24|
data/812.txt https://phinau.de/jf-archiv/archiv/44aa9.htm |2018-01-22 21:54:24|
data/813.txt https://phinau.de/jf-archiv/archiv/44aa10.htm |2018-01-22 21:54:25|
data/814.txt https://phinau.de/jf-archiv/archiv/44aa11.htm |2018-01-22 21:54:25|
data/815.txt https://phinau.de/jf-archiv/archiv/44aa12.htm |2018-01-22 21:54:25|
data/816.txt https://phinau.de/jf-archiv/archiv/44aa15.htm |2018-01-22 21:54:25|
data/817.txt https://phinau.de/jf-archiv/archiv/45aa1.htm |2018-01-22 21:54:26|
data/818.txt https://phinau.de/jf-archiv/archiv/45aa2.htm |2018-01-22 21:54:26|
data/819.txt https://phinau.de/jf-archiv/archiv/45aa3.htm |2018-01-22 21:54:26|
data/820.txt https://phinau.de/jf-archiv/archiv/45aa4.htm |2018-01-22 21:54:26|
data/821.txt https://phinau.de/jf-archiv/archiv/45aa4.htm |2018-01-22 21:54:27|
data/822.txt https://phinau.de/jf-archiv/archiv/45aa5.htm |2018-01-22 21:54:27|
data/823.txt https://phinau.de/jf-archiv/archiv/45aa6.htm |2018-01-22 21:54:27|
data/824.txt https://phinau.de/jf-archiv/archiv/45aa7.htm |2018-01-22 21:54:27|
data/825.txt https://phinau.de/jf-archiv/archiv/45aa8.htm |2018-01-22 21:54:28|
data/826.txt https://phinau.de/jf-archiv/archiv/45aa9.htm |2018-01-22 21:54:28|
data/827.txt https://phinau.de/jf-archiv/archiv/45aa10.htm |2018-01-22 21:54:28|
data/828.txt https://phinau.de/jf-archiv/archiv/45aa11.htm |2018-01-22 21:54:28|
data/829.txt https://phinau.de/jf-archiv/archiv/45aa12.htm |2018-01-22 21:54:28|
data/830.txt https://phinau.de/jf-archiv/archiv/45aa14.htm |2018-01-22 21:54:29|
data/831.txt https://phinau.de/jf-archiv/archiv/45aa15.htm |2018-01-22 21:54:29|
data/832.txt https://phinau.de/jf-archiv/archiv/45aa16.htm |2018-01-22 21:54:29|
data/833.txt https://phinau.de/jf-archiv/archiv/46aa1.htm |2018-01-22 21:54:30|
data/834.txt https://phinau.de/jf-archiv/archiv/46aa2.htm |2018-01-22 21:54:30|
data/835.txt https://phinau.de/jf-archiv/archiv/46aa3.htm |2018-01-22 21:54:30|
data/836.txt https://phinau.de/jf-archiv/archiv/46aa16.htm |2018-01-22 21:54:30|
data/837.txt https://phinau.de/jf-archiv/archiv/46aa4.htm |2018-01-22 21:54:31|
data/838.txt https://phinau.de/jf-archiv/archiv/46aa5.htm |2018-01-22 21:54:31|
data/839.txt https://phinau.de/jf-archiv/archiv/46aa6.htm |2018-01-22 21:54:31|
data/840.txt https://phinau.de/jf-archiv/archiv/46aa7.htm |2018-01-22 21:54:31|
data/841.txt https://phinau.de/jf-archiv/archiv/46aa8.htm |2018-01-22 21:54:32|
data/842.txt https://phinau.de/jf-archiv/archiv/46aa9.htm |2018-01-22 21:54:32|
data/843.txt https://phinau.de/jf-archiv/archiv/46aa17.htm |2018-01-22 21:54:32|
data/844.txt https://phinau.de/jf-archiv/archiv/46aa10.htm |2018-01-22 21:54:32|
data/845.txt https://phinau.de/jf-archiv/archiv/46aa18.htm |2018-01-22 21:54:32|
data/846.txt https://phinau.de/jf-archiv/archiv/46aa19.htm |2018-01-22 21:54:33|
data/847.txt https://phinau.de/jf-archiv/archiv/46aa11.htm |2018-01-22 21:54:33|
data/848.txt https://phinau.de/jf-archiv/archiv/46aa20.htm |2018-01-22 21:54:33|
data/849.txt https://phinau.de/jf-archiv/archiv/46aa12.htm |2018-01-22 21:54:33|
data/850.txt https://phinau.de/jf-archiv/archiv/46aa14.htm |2018-01-22 21:54:34|
data/851.txt https://phinau.de/jf-archiv/archiv/46aa15.htm |2018-01-22 21:54:34|
data/852.txt https://phinau.de/jf-archiv/archiv/47aa1.htm |2018-01-22 21:54:34|
data/853.txt https://phinau.de/jf-archiv/archiv/47aa2.htm |2018-01-22 21:54:34|
data/854.txt https://phinau.de/jf-archiv/archiv/47aa3.htm |2018-01-22 21:54:35|
data/855.txt https://phinau.de/jf-archiv/archiv/47aa4.htm |2018-01-22 21:54:35|
data/856.txt https://phinau.de/jf-archiv/archiv/47aa5.htm |2018-01-22 21:54:35|
data/857.txt https://phinau.de/jf-archiv/archiv/47aa6.htm |2018-01-22 21:54:35|
data/858.txt https://phinau.de/jf-archiv/archiv/47aa7.htm |2018-01-22 21:54:36|
data/859.txt https://phinau.de/jf-archiv/archiv/47aa8.htm |2018-01-22 21:54:36|
data/860.txt https://phinau.de/jf-archiv/archiv/47aa9.htm |2018-01-22 21:54:36|
data/861.txt https://phinau.de/jf-archiv/archiv/47aa10.htm |2018-01-22 21:54:36|
data/862.txt https://phinau.de/jf-archiv/archiv/47aa11.htm |2018-01-22 21:54:37|
data/863.txt https://phinau.de/jf-archiv/archiv/47aa12.htm |2018-01-22 21:54:37|
data/864.txt https://phinau.de/jf-archiv/archiv/47aa14.htm |2018-01-22 21:54:38|
data/865.txt https://phinau.de/jf-archiv/archiv/47aa15.htm |2018-01-22 21:54:38|
data/866.txt https://phinau.de/jf-archiv/archiv/47aa16.htm |2018-01-22 21:54:38|
data/867.txt https://phinau.de/jf-archiv/archiv/47aa17.htm |2018-01-22 21:54:38|
data/868.txt https://phinau.de/jf-archiv/archiv/47aa18.htm |2018-01-22 21:54:39|
data/869.txt https://phinau.de/jf-archiv/archiv/47aa19.htm |2018-01-22 21:54:39|
data/870.txt https://phinau.de/jf-archiv/archiv/47aa20.htm |2018-01-22 21:54:39|
data/871.txt https://phinau.de/jf-archiv/archiv/48aa1.htm |2018-01-22 21:54:40|
data/872.txt https://phinau.de/jf-archiv/archiv/48aa2.htm |2018-01-22 21:54:40|
data/873.txt https://phinau.de/jf-archiv/archiv/48aa3.htm |2018-01-22 21:54:40|
data/874.txt https://phinau.de/jf-archiv/archiv/48aa4.htm |2018-01-22 21:54:40|
data/875.txt https://phinau.de/jf-archiv/archiv/48aa5.htm |2018-01-22 21:54:40|
data/876.txt https://phinau.de/jf-archiv/archiv/48aa6.htm |2018-01-22 21:54:41|
data/877.txt https://phinau.de/jf-archiv/archiv/48aa7.htm |2018-01-22 21:54:41|
data/878.txt https://phinau.de/jf-archiv/archiv/48aa8.htm |2018-01-22 21:54:41|
data/879.txt https://phinau.de/jf-archiv/archiv/48aa9.htm |2018-01-22 21:54:41|
data/880.txt https://phinau.de/jf-archiv/archiv/48aa10.htm |2018-01-22 21:54:42|
data/881.txt https://phinau.de/jf-archiv/archiv/48aa11.htm |2018-01-22 21:54:42|
data/882.txt https://phinau.de/jf-archiv/archiv/48aa12.htm |2018-01-22 21:54:42|
data/883.txt https://phinau.de/jf-archiv/archiv/48aa14.htm |2018-01-22 21:54:42|
data/884.txt https://phinau.de/jf-archiv/archiv/48aa15.htm |2018-01-22 21:54:43|
data/885.txt https://phinau.de/jf-archiv/archiv/48aa16.htm |2018-01-22 21:54:43|
data/886.txt https://phinau.de/jf-archiv/archiv/48aa18.htm |2018-01-22 21:54:43|
data/887.txt https://phinau.de/jf-archiv/archiv/48aa17.htm |2018-01-22 21:54:43|
data/888.txt https://phinau.de/jf-archiv/archiv/48aa19.htm |2018-01-22 21:54:43|
data/889.txt https://phinau.de/jf-archiv/archiv/48aa20.htm |2018-01-22 21:54:44|
data/890.txt https://phinau.de/jf-archiv/archiv/49aa1.htm |2018-01-22 21:54:44|
data/891.txt https://phinau.de/jf-archiv/archiv/49aa2.htm |2018-01-22 21:54:44|
data/892.txt https://phinau.de/jf-archiv/archiv/49aa3.htm |2018-01-22 21:54:45|
data/893.txt https://phinau.de/jf-archiv/archiv/49aa4.htm |2018-01-22 21:54:45|
data/894.txt https://phinau.de/jf-archiv/archiv/49aa5.htm |2018-01-22 21:54:45|
data/895.txt https://phinau.de/jf-archiv/archiv/49aa6.htm |2018-01-22 21:54:45|
data/896.txt https://phinau.de/jf-archiv/archiv/49aa7.htm |2018-01-22 21:54:46|
data/897.txt https://phinau.de/jf-archiv/archiv/49aa8.htm |2018-01-22 21:54:46|
data/898.txt https://phinau.de/jf-archiv/archiv/49aa9.htm |2018-01-22 21:54:46|
data/899.txt https://phinau.de/jf-archiv/archiv/49aa10.htm |2018-01-22 21:54:46|
data/900.txt https://phinau.de/jf-archiv/archiv/49aa11.htm |2018-01-22 21:54:46|
data/901.txt https://phinau.de/jf-archiv/archiv/49aa11.htm |2018-01-22 21:54:47|
data/902.txt https://phinau.de/jf-archiv/archiv/49aa11.htm |2018-01-22 21:54:47|
data/903.txt https://phinau.de/jf-archiv/archiv/49aa12.htm |2018-01-22 21:54:47|
data/904.txt https://phinau.de/jf-archiv/archiv/49aa14.htm |2018-01-22 21:54:47|
data/905.txt https://phinau.de/jf-archiv/archiv/49aa15.htm |2018-01-22 21:54:48|
data/906.txt https://phinau.de/jf-archiv/archiv/49aa16.htm |2018-01-22 21:54:48|
data/907.txt https://phinau.de/jf-archiv/archiv/49aa17.htm |2018-01-22 21:54:48|
data/908.txt https://phinau.de/jf-archiv/archiv/49aa19.htm |2018-01-22 21:54:48|
data/909.txt https://phinau.de/jf-archiv/archiv/49aa20.htm |2018-01-22 21:54:48|
data/910.txt https://phinau.de/jf-archiv/archiv/49aa21.htm |2018-01-22 21:54:49|
data/911.txt https://phinau.de/jf-archiv/archiv/50aa1.htm |2018-01-22 21:54:49|
data/912.txt https://phinau.de/jf-archiv/archiv/50aa2.htm |2018-01-22 21:54:49|
data/913.txt https://phinau.de/jf-archiv/archiv/50aa3.htm |2018-01-22 21:54:50|
data/914.txt https://phinau.de/jf-archiv/archiv/50aa4.htm |2018-01-22 21:54:50|
data/915.txt https://phinau.de/jf-archiv/archiv/50aa5.htm |2018-01-22 21:54:50|
data/916.txt https://phinau.de/jf-archiv/archiv/50aa6.htm |2018-01-22 21:54:50|
data/917.txt https://phinau.de/jf-archiv/archiv/50aa7.htm |2018-01-22 21:54:51|
data/918.txt https://phinau.de/jf-archiv/archiv/50aa8.htm |2018-01-22 21:54:51|
data/919.txt https://phinau.de/jf-archiv/archiv/50aa9.htm |2018-01-22 21:54:51|
data/920.txt https://phinau.de/jf-archiv/archiv/50aa10.htm |2018-01-22 21:54:51|
data/921.txt https://phinau.de/jf-archiv/archiv/50aa11.htm |2018-01-22 21:54:51|
data/922.txt https://phinau.de/jf-archiv/archiv/50aa12.htm |2018-01-22 21:54:52|
data/923.txt https://phinau.de/jf-archiv/archiv/50aa14.htm |2018-01-22 21:54:52|
data/924.txt https://phinau.de/jf-archiv/archiv/50aa15.htm |2018-01-22 21:54:52|
data/925.txt https://phinau.de/jf-archiv/archiv/50aa16.htm |2018-01-22 21:54:53|
data/926.txt https://phinau.de/jf-archiv/archiv/50aa17.htm |2018-01-22 21:54:53|
data/927.txt https://phinau.de/jf-archiv/archiv/50aa18.htm |2018-01-22 21:54:53|
data/928.txt https://phinau.de/jf-archiv/archiv/50aa19.htm |2018-01-22 21:54:54|
data/929.txt https://phinau.de/jf-archiv/archiv/50aa20.htm |2018-01-22 21:54:54|
data/930.txt https://phinau.de/jf-archiv/archiv/50aa21.htm |2018-01-22 21:54:54|
data/931.txt https://phinau.de/jf-archiv/archiv/50aa22.htm |2018-01-22 21:54:55|
data/932.txt https://phinau.de/jf-archiv/archiv/51aa1.htm |2018-01-22 21:54:55|
data/933.txt https://phinau.de/jf-archiv/archiv/51aa2.htm |2018-01-22 21:54:55|
data/934.txt https://phinau.de/jf-archiv/archiv/51aa3.htm |2018-01-22 21:54:56|
data/935.txt https://phinau.de/jf-archiv/archiv/51aa4.htm |2018-01-22 21:54:56|
data/936.txt https://phinau.de/jf-archiv/archiv/51aa5.htm |2018-01-22 21:54:56|
data/937.txt https://phinau.de/jf-archiv/archiv/51aa6.htm |2018-01-22 21:54:56|
data/938.txt https://phinau.de/jf-archiv/archiv/51aa7.htm |2018-01-22 21:54:57|
data/939.txt https://phinau.de/jf-archiv/archiv/51aa8.htm |2018-01-22 21:54:57|
data/940.txt https://phinau.de/jf-archiv/archiv/51aa9.htm |2018-01-22 21:54:57|
data/941.txt https://phinau.de/jf-archiv/archiv/51aa10.htm |2018-01-22 21:54:57|
data/942.txt https://phinau.de/jf-archiv/archiv/51aa11.htm |2018-01-22 21:54:57|
data/943.txt https://phinau.de/jf-archiv/archiv/51aa12.htm |2018-01-22 21:54:58|
data/944.txt https://phinau.de/jf-archiv/archiv/51aa14.htm |2018-01-22 21:54:58|
data/945.txt https://phinau.de/jf-archiv/archiv/51aa15.htm |2018-01-22 21:54:58|
data/946.txt https://phinau.de/jf-archiv/archiv/51aa16.htm |2018-01-22 21:54:58|
data/947.txt https://phinau.de/jf-archiv/archiv/51aa16.htm |2018-01-22 21:54:58|
data/948.txt https://phinau.de/jf-archiv/archiv/51aa17.htm |2018-01-22 21:54:59|
data/949.txt https://phinau.de/jf-archiv/archiv/51aa18.htm |2018-01-22 21:54:59|
data/950.txt https://phinau.de/jf-archiv/archiv/51aa19.htm |2018-01-22 21:54:59|
data/951.txt https://phinau.de/jf-archiv/archiv/51aa20.htm |2018-01-22 21:54:59|
data/952.txt https://phinau.de/jf-archiv/archiv/51aa21.htm |2018-01-22 21:55:00|
data/953.txt https://phinau.de/jf-archiv/archiv/51aa22.htm |2018-01-22 21:55:00|
data/954.txt https://phinau.de/jf-archiv/archiv/51aa23.htm |2018-01-22 21:55:00|
data/955.txt https://phinau.de/jf-archiv/archiv/51aa24.htm |2018-01-22 21:55:00|
data/956.txt https://phinau.de/jf-archiv/archiv/51aa25.htm |2018-01-22 21:55:00|
data/957.txt https://phinau.de/jf-archiv/archiv/52aa1.htm |2018-01-22 21:55:01|
data/958.txt https://phinau.de/jf-archiv/archiv/52aa2.htm |2018-01-22 21:55:01|
data/959.txt https://phinau.de/jf-archiv/archiv/52aa3.htm |2018-01-22 21:55:01|
data/960.txt https://phinau.de/jf-archiv/archiv/52aa4.htm |2018-01-22 21:55:02|
data/961.txt https://phinau.de/jf-archiv/archiv/52aa5.htm |2018-01-22 21:55:02|
data/962.txt https://phinau.de/jf-archiv/archiv/52aa6.htm |2018-01-22 21:55:02|
data/963.txt https://phinau.de/jf-archiv/archiv/52aa7.htm |2018-01-22 21:55:02|
data/964.txt https://phinau.de/jf-archiv/archiv/52aa8.htm |2018-01-22 21:55:03|
data/965.txt https://phinau.de/jf-archiv/archiv/52aa9.htm |2018-01-22 21:55:03|
data/966.txt https://phinau.de/jf-archiv/archiv/52aa10.htm |2018-01-22 21:55:03|
data/967.txt https://phinau.de/jf-archiv/archiv/52aa11.htm |2018-01-22 21:55:04|
data/968.txt https://phinau.de/jf-archiv/archiv/52aa12.htm |2018-01-22 21:55:04|
data/969.txt https://phinau.de/jf-archiv/archiv/52aa14.htm |2018-01-22 21:55:04|
data/970.txt https://phinau.de/jf-archiv/archiv/52aa15.htm |2018-01-22 21:55:05|
data/971.txt https://phinau.de/jf-archiv/archiv/52aa16.htm |2018-01-22 21:55:05|
data/972.txt https://phinau.de/jf-archiv/archiv/52aa17.htm |2018-01-22 21:55:05|
data/973.txt https://phinau.de/jf-archiv/archiv/52aa18.htm |2018-01-22 21:55:06|
data/974.txt https://phinau.de/jf-archiv/archiv/52aa19.htm |2018-01-22 21:55:06|
data/975.txt https://phinau.de/jf-archiv/archiv/52aa20.htm |2018-01-22 21:55:06|
data/976.txt https://phinau.de/jf-archiv/archiv/52aa21.htm |2018-01-22 21:55:06|
